cefr,headword,pos,first_meaning,meaning_raw,issues
A1,'m,be-verb,amの短縮形,[[am]]の短縮形,has_ascii_letter
A1,'re,be-verb,areの短縮形,[[are]]の短縮形,has_ascii_letter
A1,'s,be-verb,has,"[[has]], [[is]], [[us]],(疑問詞のあとの) [[does]]の短縮形",has_ascii_letter
A1,CD player,noun,CDプレーヤー,（音楽を聴くための）CDプレーヤー,has_ascii_letter
A1,Mr.,noun,Mister,"[[Mister]] / 《成人男子の姓・姓名の前に付けて》…『氏』,様,殿,君,さん,先生 / 《官職名・役職名の前に付けて》…殿 / 《電話で自分を名乗って》 / 《まれ》《自分の夫のことを他人に話すとき,また改まって》夫,主人 / 《一国・一団の代表的な男性に用いて》",has_ascii_letter
A1,Mrs.,noun,Mistress,"[[Mistress]] / 《既婚女性の姓・姓名の前に付けて》…『夫人』,様,殿,さん,先生 / 《電話で自分を名乗って》",has_ascii_letter
A1,TV,noun,television,television,has_ascii_letter
A1,Thursday,noun,木曜日Thu,"木曜日《略》Thu,Thur.,Thurs.)",has_ascii_letter
A1,about,adverb,だいたい…ころに,"《時を表す名詞を伴って》だいたい…ころに(《話》[[around]])  / 周囲に(《米》[[around]])  / 《英》あちこちに,点々と(《米》[[around]])  / 《英》あたりに(《米》[[around]])  / 《しばしば数詞と共に用いて》およそ,約 / ぐるっと回って,反対の位置(方向)に(《米》[[around]]) / 順番に,交互に",has_dots
A1,about,preposition,…について,"…について,に関して  / 《英》…の回りに(を),の周囲を(で)(《米》[[around]])  / 《英》…のあちこちに(で,を),に点々と(《米》[[around]])  / 《英》…のあたりに(を),の近くに([[near]])(《米》[[around]])  / …の身の回りに,を手もとに  / …の身辺に,のどこかに  / …に従事して,にかかわって",has_dots
A1,above,preposition,…の上方へ,"《方向》《fly,goなどの移動を表す動詞と結びついて》…の上方へ,より高いところへ / 《場所・位置》…の上に,の上方に さらに高いところに(の)  の上流に(で), の北方に,のもっと先に, もっと遠くに / 《数・量・程度》…以上に,にまさって / 《be動詞と結びついて》…の力の及ばない,を越えて([[beyond]])",has_dots
A1,after,preposition,…の後に,"《時・順序》…の後に,…後に, …の次に  / …を求めて,の後を追って  / …の名をとって,にならって, …ふうに(の)  / …のことを心配して,に関して  / …だから,…の結果",has_dots
A1,ago,adverb,…前に,《期間を表す語の後に用いて》(今から)…前に / 《longの後に用いて》以前に,has_dots
A1,also,adverb,…もまた,"…もまた([[too]]), 同様に（[[as well]]） / そしてその上,それから",has_dots
A1,am,be-verb,be動詞の一人称単数,"be動詞の一人称単数,直説法,現在形",has_ascii_letter
A1,are,be-verb,…である,"…『である』,…です(beの二人称の単数とすべての人称の複数の直説法現在形)",has_dots
A1,arm,noun,腕,"〈C〉(人・猿の)腕 / (四つ足の動物の前肢の)腕(手首から肩までの間）（手は[[hand]]) / 腕のような物, (特に)いすのひじ掛け, 樹の大枝 / 〈C〉《複数形で》武器, 兵器",too_short
A1,autumn,noun,秋,〈C〉〈U〉秋,too_short
A1,back,noun,背,"〈C〉(人・動物の)背,背中,背部 / 《通例the〜》(正面に対して)《…の》後ろ,裏,奥,後部《of ...》 / 《通例the》背に似たもの, (手足の)甲, (刀の)みね, (いす・本の)背 / 〈C〉〈U〉(フットボール・ホッケーなどの)後衛",too_short
A1,bag,noun,袋,"袋  / 袋状の物  / (女性の)ハンドバッグ;旅行かばん,スーツケース  / (…の)1袋分の量《+of+名》  / (野球の)走塁ベース  / 獲物入れ;(猟の)獲物",too_short
A1,ball,noun,球,"〈C〉球, ボール / 〈U〉球技, 野球 / 〈C〉弾丸 / 球状のもの / 《俗》睾丸(こうがん) /",too_short
A1,band,noun,帯,"〈C〉帯, バンド, ひも / (色の)すじ,しま  / 周波数",too_short
A1,bar,noun,棒,"〈C〉棒 / 《...に対する》障害《to, against ...》 / 酒場",too_short
A1,beach,noun,浜,"浜,海岸  / 海水浴場  / 〈ボートなど〉'を'浜に引き上げる",too_short
A1,bean,noun,豆,豆(おもにいんげん豆・そら豆など大きめの豆類)  / 豆のさや(pod)  / 豆に似た実  / 《俗》頭,too_short
A1,bear,noun,熊,〈C〉熊 / 〈C〉乱暴者 / (株式で)売り方,too_short
A1,because,conjunction,…だから,"(なぜならば)…だから,…ゆえに  / 《否定文の主節とともに用い》…であるからといって  / 《おもに話》《名詞節を導いて》…ということ",has_dots
A1,before,preposition,…の前に,"《場所・位置》…の前に,を前にして / 《時》…より前に([[earlier]] than…) / (裁判・審理などのために)…の前に / …の前途に,に用意されて,を待って / (困難・不利など)に直面して / (力・勢いなど)に追われて,押されて,攻撃されて / 《順序・階級・価値など》…よりまさって,に優先して,より重要で / 《優先》…よりむしろ,するくらいなら([[rather than",has_dots
A1,behind,preposition,…の後ろに,"《場所・位置》…の後ろに,の陰に, の陰に隠れて / 《比喩的に》…の陰に隠されて,の裏に([[at the back of]]) / …を支持して,…に味方して / 《[[leave]],[[remain]],[[stay]]などの動詞と共に用いて》…の後に,が去った後に /  (定められた時刻)に遅れて, (知識・仕事・進歩などが)遅れて",has_dots
A1,being,be-verb,beの現在分詞・動名詞,[[be]]の現在分詞・動名詞 / ...であること,has_ascii_letter
A1,bell,noun,鐘,"鐘,釣り鐘;鈴,ベル,りん  / 〈U〉鐘(鈴,ベル)の音  / 〈C〉鐘(ベル)状のもの  / 〈C〉点鐘(船の当直交替を0時から4時間ごとに区切り,その間を30分ごとに1‐8点鐘で時を報じる.例えば2つ鳴らすことを2点鐘といい,午前または午後の1時,5時,9時を指す.8点鐘は当直交替の時間)",too_short
A1,below,preposition,…の下方へ,"【前置詞】《[[fly]],[[go]],[[sink]] など移動を表す動詞と結びつき方向を表して》…の下方へ,より低い位置へ / 《位置》…の下方で,より低い位置に / (上手・先方に対して)…より下手に,より手前に / (度合・地位・数量などが)…より以下で(の) / …にふさわしくない,にさえ値しない",has_dots
A1,beside,preposition,…のそばに,"《位置・場所》…のそばに,のわきに,の横に / …と比較して([[compared with]]) / (要点など)をはずれて([[apart from]])",has_dots
A1,bird,noun,鳥,"鳥  / 〈話〉《修飾語を伴なって(目立った特徴をもった)やつ,人  / シャトル / 《英俗》女  / 《俗》《[[the bird|get the bird]]》(不満を表す)しーっしーっという野次 / 《形容詞的に》bird feathers（鳥の羽）bird life（〈U〉鳥の生活）",too_short
A1,black,noun,黒,"〈U〉黒,黒色 /〈C〉《しばしばB-》黒人 / 〈U〉黒い服, 黒衣,(特に)喪服 / 《the》黒字 （赤字は[[red]]）",too_short
A1,board,verb,板,"〈C〉(ある程度の長さと幅をもった薄い)板  / 〈C〉ボール紙,台紙  / 〈C〉食卓;〈U〉食事,(特に有料の)まかない  / 〈C〉甲板(かんぱん),船べり  / 〈C〉委員会;(官庁の)局,部,課  / 《the boards》舞台",too_short
A1,bone,noun,骨,"〈C〉骨  / 〈U〉骨を作っている物質,骨質  / 《複数形で》骨格;死骸(がい)",too_short
A1,book,verb,本,"本 / 書物, 書籍, 著作 / 知識の源 / 聖書 / 帳簿 / (切手・マッチ・小切手などの)とじこみ帳 / 名簿",too_short
A1,bookstore,noun,書,"書,本屋(《英》bookshop)",too_short
A1,borrow,verb,…を借りる,"(…を担保として…から)…'を'借りる《+名+from+名+on+名》  / 〈言葉・思想・方法など〉'を'借りてまねる,模倣(もほう)する  / 借りる,借金する",has_dots
A1,bottom,noun,底,"(物の)底《+of+名》  / (海・川・湖・井戸などの)底《+of+名》  / (…の)下部,底部,根元《+of+名》  / (…の)根底,基礎;(…の)心底,奥底《+of+名》  / 船底,船腹;(一般に)船,船舶  / 《話》しり(posterior)  / 《複数形で》川沿いの低地(低い牧草地)  / 最低の;最後の  / 底の;根底の",too_short
A1,box,noun,箱,"箱  / (の…)1箱《+of+名》  / (劇場などの)さじき席 ます席  / 番小屋,詰め所  / (野球で)バッターボックス;コーチャーズボックス;ピッチャーズマウンド;キャッチャーの定位置  / (線で囲った)四角のわく,囲み;(新聞・雑誌の)  / (郵便の)私書箱  / 《the box》《英俗》テレビ",too_short
A1,brain,noun,脳,"脳,脳髄  / 《しばしば複数形で》頭脳,知力  / 《話》秀才,知的指導者",too_short
A1,break,verb,…を壊す,…を壊す / …を役に立たなくする / 〈法律・規則・約束など〉を破る / 《…に》…を打ち明ける《to ...》 / …を破産させる / 《しばしば副詞[句]を伴って》壊れる /,has_dots
A1,bridge,noun,橋,〈Ｃ〉橋 / 鼻柱 / (めがねの)ブリッジ,too_short
A1,broken,adjective,breakの過去分詞,"breakの過去分詞 / 『壊れた』,折れた,破れた,裂けた / 『破られた』 / (苦労・悲嘆などで)打ちのめされた,意気消沈した,衰弱した / 切れ切れの,断続的な / 完全でない,半端な / 滑らかでない,でこぼこの / (機械などが)故障した,だめになった / (馬が)慣らされた,調教された / (言語が)不完全に話される / 破産した",has_ascii_letter
A1,brush,verb,…にブラシをかける,"…にブラシをかける, をブラシでこする(みがく,払う) / (ブラシをかけるようにして,手で)…を払いのける / (通りすがりに)…をかする, に軽く触れる / 《…を》かすめて通る,かする《past, by, against ...》",has_dots
A1,buy,verb,…を買う,〈他〉…を買う / (ある金額で) …が買える / (代償を払って)…を獲得する,has_dots
A1,cat,noun,猫,"猫;(ライオン,トラ,ヒョウなどの)ネコ科の動物",too_short
A1,catch,verb,…を捕らえる,…を捕らえる / 〈動いている物〉をつかみ取る / 〈列車など〉に間に合う/ 〈伝染性の病気〉にかかる / 《副詞[句]を伴って》引っかかる,has_dots
A1,celebrate,verb,…を祝う,"(儀式・祝典などを行って)…'を'祝う  / 〈人・行為など〉'を'世に知らせて賞賛する  / 〈儀式・結婚式など〉'を'挙行する,執り行う  / ミサを行う  / 《話》浮かれ騒ぐ",has_dots
A1,change,verb,…を変える,"《…に》…を変える,改める《into ...》 / …を取り替える,を交換する / 〈小切手・為替〉を現金にする,〈金〉を両替えする, 《…に》…を両替する《into ...》 / 《…に》変わる,変化する《to, into ...》 / (他の衣服に)着替える《into ...》 / 《…に》乗り換える《to ...》",has_dots
A1,circle,noun,円,"円  / (劇場などの)半円形のさじき  / (…の)円形のもの《+of+名》  / (活動・勢力などの)範囲  / 《時に複数形で》(共通の利害・活動などで結ばれた)仲間,団体,…界  / 一巡;循環",too_short
A1,clean,verb,…をきれいにする,…をきれいにする / …を片付ける / 〈肉・魚・野菜など〉を下ごしらえをする / きれいになる;きれいにする,has_dots
A1,close,verb,…を閉じる,"…を閉じる,を閉める([[shut]]) / …をふさぐ([[fill]]) / 〈仕事・話など〉を終える,を済ませる / 〈通路・施設など〉を一時的に閉じる / (一つにまとまるように)…をつめる / 〈ドア・目・花などが〉閉じる,閉まる / 〈話・相談・契約などが〉終わる,終了する,〈店などが〉休業する / くっつく,接近する([[come together]])",has_dots
A1,cloth,noun,布,"〈U〉布,生地,織物  / 〈C〉(特定の用途に応じる大きさの)布地;(特に)テーブル掛け(table cloth),ふきん(dishcloth),ぞうきん(duster)  / 〈U〉布表紙,クロース  / 〈U〉ラシャ  / 〈C〉黒の聖服;《文》《the~》聖職",too_short
A1,cloud,noun,雲,"雲  / (…の)雲状のもの《+of+名》  / (昆虫・鳥・飛行機などの)大群,大集団《+of+名》  / (疑惑・苦悩などの)暗い影《+of+名》  / (鏡・ガラスなどの)くもり",too_short
A1,coke,noun,Coca Colaの略称,〈U〉《しばしばC-》Coca Colaの略称 / 《俗》=cocaine,has_ascii_letter
A1,color,noun,色,"〈C〉〈U〉色,色採,色調  / 《複数形で》絵の具([[paint]])  / 〈U〉《しばしばa ~》顔色;顔の赤み  / 〈U〉(有色人種,特に黒人の)皮膚の色  / 〈C〉〈U〉外見,見せかけ;〈U〉もっともらしさ,粉飾  / 〈U〉特色,特性,持ち味  / 《複数形で》軍旗;(特定団体の)記章の色,クラブ色,(学校の標識となる)校色",too_short
A1,color,verb,…を彩る,"…を彩る,を彩色する / 〈話など〉を色づけする,を潤色する / 色づく/ 顔を赤らめる《up》",has_dots
A1,could,modal auxiliary,…することができた,…することができた / 《仮定法》できるならば / できていたならば / できるだろうに / できただろうに / 《控え目な表現・丁寧な表現》もしかすると…かもしれない,has_dots
A1,daughter,noun,娘,〈C〉娘 / 女の子孫 /  (娘のように)生み出されたもの,too_short
A1,describe,verb,…を描写する,"…‘を'描写する,‘の'特徴を述べる  / 〈図形など〉‘を'描く,‘の'輪郭をかく",has_dots
A1,desk,noun,机,"机,勉強机,事務机  / 受付所,応接所  / (新聞社・役所などの)部局",too_short
A1,did,do-verb,doの過去形,[[do]]の過去形,has_ascii_letter
A1,discuss,verb,…を論ずる,"…‘を'論ずる,討議する,検討する",has_dots
A1,do,do-verb,…をする,"『…をする』,行う,果たす / 《通例have ~,時にbe ~の形で》…を終える / …を処理する / 〈学課〉を勉強する / 〈人〉に役立つ([[serve]]) / 《…を》 終える 《with ...》 / 〈事が〉運ぶ / 《...に》間に合う《for ...》",has_dots
A1,does,do-verb,doの三人称・単数・直説法現在形,[[do]]の三人称・単数・直説法現在形,has_ascii_letter
A1,dog,noun,犬,"犬  / 雄犬;イヌ科の動物(特にイタチ・オオカミ・カワウソ)の雄  / 《話》《形容詞を伴って》やつ  / 《話》くだらない男,下劣なやつ  / 《米俗》粗悪な物,くだらない物  / つかみ道具(氷づかみ,掛けかぎなど)  / 《the dogs》《英》競犬",too_short
A1,doing,do-verb,doの現在分詞・動名詞,[[do]]の現在分詞・動名詞,has_ascii_letter
A1,door,noun,扉,"(家・部屋・家具の)扉  / 戸口,出入り口(doorway)  / 1戸,1軒  / 《比喩(ひゆ)的に》(…に至る)入口,出口《+to+名》",too_short
A1,dream,noun,夢,"夢  / 白昼夢,幻想(daydream)  / 抱負,強い希望,夢  / 《話》夢のように美しいもの,魅力のあるもの",too_short
A1,ear,noun,耳,〈C〉耳 / 《単数形で》聴覚 / じっと聞くこと,too_short
A1,eat,verb,…を食べる,"…‘を'食べる;〈食事〉‘を'する;〈スープ〉‘を'飲む  / …‘を'常食にする(進行形にできない)  / 〈金属〉‘を'腐食する;〈水,水の流れが〉…‘を'浸食する《+away+名,+名+away》  / 〈穴など〉‘を'腐食(浸食)してあける  / 食べる,食事をする",has_dots
A1,egg,noun,卵,"〈C〉卵 / 鳥の卵 / 《英話》《形容詞を伴って》(…な)やつ / 《俗》爆弾,手投げ弾",too_short
A1,eight,number,8,"〈C〉(数の)8;8の記号(18,VIIなど)  / 〈U〉8時,8分;8歳  / 〈U〉《複数扱い》8人,8個  / 〈C〉八つ(8人,8個)一組のもの;8人のボート選手  / 〈C〉(カードの)8の札;〈U〉(スケートの)8字形[滑走](the figure of eight)  / 8の;8人の  / 8個の;《補語にのみ用いて》8歳で",too_short
A1,either,adverb,AかBかいずれか,《~ A or B》AかBかいずれか / 《否定文・文尾》 ...もまた(...ない),has_ascii_letter
A1,example,noun,例,"(…の)例,実例(instance);(…の)見本,標本《+of+名》  / (…にとっての)手本,模範(model)《+to+名》  / (…への)見せしめ,戒め《+for(to)+名》",too_short
A1,eye,noun,目,"〈C〉(人・動物の器官としての)目  / 〈C〉(まぶた・まつ毛・まゆ毛などを含めて,外側からみえる)目,目の周り  / 〈C〉視力,視覚  / 〈C〉《単数形で》視線,まなざし",too_short
A1,face,noun,顔,"〈C〉顔,表情 / 表面 / 様子 / 〈U〉面目",too_short
A1,father,noun,父,"〈C〉父,父親  / 《one's fathers》(男の)祖先,父祖(forefather)  / 〈C〉(…の)創始者,生みの親,始祖,元組(founder)《+of+名》  / 《複数形で》(市町村議会などの)長老,元老  / 《[the]F-,Our F-》神,天帝,造物主  / 《敬称として)神父,教父,…師",too_short
A1,feel,verb,…に触れる,"(手・指で)…に触れる / 《進行形にできない》(身体で)…を感じる / (心で)…を感じる, を意識する / …と思う,と堅く信じる / 〈人が〉感じる,思う / 《~ 形》〈物が〉《…の》感じがする,《…の》手触りがする",has_dots
A1,fever,noun,熱,"〈U〉《しばしばa fever》(身体の異常な)熱,発熱  / 〈U〉熱病  / 〈U〉〈C〉(…に対する)興奮,熱狂《+for+名》",too_short
A1,finish,verb,…を終える,"…を終える,を済ます / …を食べ尽くす,使い尽くす《off, up》 / …の仕上げをする,の磨きをかける《off, up》 / 《話》〈人〉を参らせる / 〈物事が〉終わる, 〈人が〉やり終える,終わりにする《off, up》",has_dots
A1,fire,noun,火,"〈U〉火, 炎 / 〈C〉燃えているもの / 〈U〉〈C〉火事, 火災 /",too_short
A1,fish,noun,魚,"〈C〉魚;《集合的に》魚類  / 〈U〉魚肉,魚  / 〈C〉《話》人,やつ",too_short
A1,five,number,5,"〈C〉(数の)5;5の記号(5,Vなど)  / 〈C〉5時,5分;5歳  / 〈U〉《複数扱い》5人,5個  / 〈C〉5人(5個)1組のもの  / 〈C〉(カードの)5の札  / 5の,5個の;5人の  / 《補語にのみ用いて》5歳の(で)",too_short
A1,flag,noun,旗,〈C〉(国家・団体などを象徴する) 旗 /,too_short
A1,floor,noun,床,"〈C〉床 / 階, 層",too_short
A1,flower,noun,花,"〈C〉(植物の)花;(鑑賞用の)草花  / 〈U〉開花  / 〈U〉《文》(…の)最もすぐれた部分,精髄《+of+名》  / 〈U〉(人生・美しさなどの)盛り(prime)《+of+名》  / 《しばしば複数形で》《単数扱い》華(か)(圧縮や昇華によって得られる細かな粉末)",too_short
A1,forget,verb,…を忘れる,"…‘を'忘れる  / …‘を'怠る,‘に'注意を払わない  / …‘を'置き忘れる  / …‘を'気に留めない,無視する  / (…のことを)忘れる《+about+名(doing)》",has_dots
A1,form,noun,形,"〈C〉〈U〉(色・材質に対して)『形』,形状,姿 / 〈C〉『人体』,体つき  / 〈C〉〈U〉『外観』,格好,人影 / 〈C〉〈U〉(ものの現れる)『形態』,形式 / 〈C〉(生物などの)『種類』,品種",too_short
A1,four,number,4,"〈C〉(数の)4;4ノ記号(4,IVなど)  / 〈U〉4時,4分;4歳  / 〈U〉《複数扱い》4人,4個  / 〈C〉4個(4人)1組のもの;フォア(4本オールのボートおよびその選手)  / 〈C〉(カードの)4の札  / 4の;4人の;4個の  / 《補語にのみ用いて》4歳の(で)",too_short
A1,from,preposition,…から,《場所・時》…から / 《起源》...出身の / 《原因》...によって / 《区別》...と違って / 《抑制・妨害》…することを《~ doing》,has_dots
A1,garden,noun,庭,"〈C〉庭,庭園  / 〈U〉庭面積  / 〈C〉《しばしば複数形で》公園,遊園  / 《Gardens》《地名の後に置いて》…街,…通り  /  庭で育つ;庭園用の",too_short
A1,grass,noun,草,〈U〉草 / 草地,too_short
A1,gray,noun,grey,"[[grey]] / 〈U〉『灰色』,ねずみ色,鉛色 / 〈U〉灰色の服 / 〈C〉灰色の絵の具,灰色の染料 / 《米》(南北戦争当時の)南軍兵士",has_ascii_letter
A1,guess,verb,…を推測する,"(十分な根拠なしに)…を推測する /  (正確な推測で)…を言い当てる / 《~ that》《米》…と思う / 《...を》推測する《at, about ...》",has_dots
A1,guy,noun,男,"〈C〉《米話》男, やつ, 人 /  《米話》 《複数形で》 君たち, 君ら, みんな / 《英》ガイフォークスの人形 / 《英》変てこな服装の人 / 【動/他】（人）をからかう / 【間投】《米話》（驚きを表して）えっ, へぇー",too_short
A1,had,have-verb,haveの過去形,"[[have]]の過去形 / 《過去のある時における動作の完了・結果》...していた, …してしまっていた / 《過去のある時までの経験》…したことがあった / 《過去のある時までの継続》(ずっと)…していた, ...してきた",has_ascii_letter
A1,hair,noun,毛,"〈C〉(人間・動物の1本の) 毛 /〈U〉《集合的に》髪の毛 / 《a~》1本の毛ほどの量, ごくわずか",too_short
A1,hand,noun,手,"手(手首から先の部分)  / (時計・計器の)針  / 《単数形で》筆跡  / 側,方([[side]])  / 《a~》《…への》援助,手助け《with, at, to ...》  / 職工,職人,人手  / 乗組員  / 《前に形容詞を置いて》《…するのが》(じょうずな・へたな)人(at ...》  / 《単数形》技量,腕前;《…の》やり方,扱い方《at, with ...》  / 《単数形で",too_short
A1,has,have-verb,haveの三人称単数現在,[[have]]の三人称単数現在,has_ascii_letter
A1,having,have-verb,haveの現在分詞・動名詞,[[have]]の現在分詞・動名詞 / 《〜 過去分詞》...したこと,has_ascii_letter
A1,head,noun,頭,"(顔を含めた)頭, 頭部 / 頭脳  / 長,指導者  / (ある物の)上部, 先頭  / (川・泉の)源  / (人・動物の)頭数  / 首席,首位  / 《複数形で》(頭像のある)貨幣の表  / 項目,(新聞の)見出し  / 《米俗》マリファナ常用者  / 《名詞の前で形容詞的に》長の,指導者の",too_short
A1,hill,noun,丘,"〈C〉丘, 小山 / (特に道路の)傾斜,坂",too_short
A1,hole,noun,穴,"(壁などにあいた)穴,割れ目;(衣類などの)破れ穴,裂け目;(道路などにできた)くぼみ,へこみ  / (動物の住む)巣穴  / 《話》あばら家  / (議論・計画などの)欠点(fault)  / 《話》窮地,苦境  / ホール(ゴルフで球を打ち込む穴);(球をホールに入れた)得点",too_short
A1,home,noun,家,"〈C〉〈U〉《おもに米》(家族の住む)『家』,住居,わが家  / 〈U〉〈C〉『家庭』,家庭生活  / 〈U〉『生まれ故郷』,長く住んでいる所;故国,本国  / 〈C〉(動物の)生息地,(植物の)原産地;(物・思想などの)発祥地,本場  / 〈C〉《家のない人・病人などの》『収容施設』,ホーム《for ...》  / 〈U〉〈C〉決勝点,ゴール;(野球で)本塁,ホーム",too_short
A1,horse,noun,馬,"〈C〉馬,(特に成長した)雄馬  / =vaulting horse  / 〈C〉(物を載せたり,支えたりする)脚付き枠(台など),掛け台,のこひき台,きゃたつ  / 〈U〉《集合的に;複数扱い》騎兵,騎兵隊  / 〈人〉‘を'馬に乗せる;〈馬車〉‘に'をつける",too_short
A1,house,noun,家,"家,住宅  / 家庭,家族,世帯  / 《しばしば複合語を作って》(ある特定の目的に用いる)建物  / (劇場などの)観客,聴衆  / 《しばしばthe H-》議会,立法府,議院  / 《しばしばH-》(王侯貴族の)家系,…家  / 〈人〉‘に'住居を提供する;〈人〉‘を'泊める,収容する  / 〈品物〉‘を'しまう,蓄える  / 家の  / (特定の会社などの)社員向けの",too_short
A1,husband,noun,夫,"夫  / …‘を'節約する,倹約する",too_short
A1,ice,noun,氷,"〈U〉氷  / 〈U〉《the~》表面に張った氷,氷面  / 〈C〉《米》氷菓子(シャーベット・フラッペなど)  / 〈U〉(気持ち・態度などの)冷たさ,よそよそしさ",too_short
A1,inside,preposition,…の中で,"…の中で(に,へ)  / …以内に",has_dots
A1,into,preposition,…の中へ,"《運動,動作の方向》…の中へ(に)  / …に突きあたって  / …に加えて,の一員に  / 《状態の変化・結果》…に,…へ  / 《時間の推移》…まで  / 《割算に用いて》…を割って",has_dots
A1,is,be-verb,beの三人称・単数・現在,[[be]]の三人称・単数・現在,has_ascii_letter
A1,island,noun,島,"島  / 島に似たもの;(街路上の)安全地帯(《米》safety island,《英》traffic island)",too_short
A1,juice,noun,汁,"〈U〉〈C〉(果物・野菜・肉などの)汁,液,ジュース;〈U〉(植物の)樹液  / 《複数形で》(動物の)体液,分泌液  / 〈U〉《俗》電気;ガソリン,燃料オイル  / …‘から'汁をしぼり取る",too_short
A1,key,noun,鍵,"《…の》鍵, かぎ《to ...》/ 《the 〜》《達成・理解・解決などの》手がかり,秘訣《to doing》 / (練習問題などの)解答の手引き / (辞書・地図などの)略語解 / 《the 〜》 / 《…への》重要地点, 《…にとって》重要な人(物)《to ...》 / (ぜんまいを巻く)ねじ / (楽器などの)キー,鍵 / (音楽で長短)調 / (声の)調子",too_short
A1,kick,verb,…をける,"…をける,をけ飛ばす / (フットボールで)〈ゴール〉にキックで球を入れる / 《…を》ける《at ...》 / (フットボールで)キックする / 〈発射した銃などが〉反動を与える,はね返る / 《話》《…に》文句を言う,はねつける《at, against ...》",has_dots
A1,king,noun,王,"王,国王  / 王にたとえられる人(物),…王,大立て者  / (カードの)キング  / (チェスの)キング,王将",too_short
A1,last name,noun,姓,(名に対する)姓,too_short
A1,leaf,noun,葉,"〈C〉(木・草の)葉  / 〈C〉花びら  / 〈C〉(本などのページの裏表)1枚  / 〈U〉(金属の)薄片,箔(はく)  / 〈C〉(折りたたみ式テーブルの)補助板  / 《おもに米》〈木が〉葉を出す《+out》  / (本などの)ページをばらばらとめくる,内容にざっと目を通す》+through+名》",too_short
A1,leg,noun,脚,"(人・動物の)脚  / (ズボン・靴下などの)脚をおおう部分,脚部  / (家具などの)脚,形(機能)が脚に似た物  / (三角形の底辺を除く)一辺  / (旅などの全行程の中の)一区切り,一区間",too_short
A1,light,noun,光,"〈U〉光,光線;明るさ / 〈U〉夜明け;日中;日光 / 〈C〉明かり / 〈U〉《時にa~》光輝([[brightness]]),(目などの)輝き / 〈C〉(点火するための)火,火花 / 〈C〉《通例単数形で》(絵などの)明るい部分 / 〈U〉《…についての》知識,情報,理解《on ...》 / 〈C〉(ものを見る)観点,見地 / 〈C〉この世に光を与える人;指導的な人物",too_short
A1,like,preposition,…に似た,"(外観・性質などが)『…に似た』,のような, みたいな / (やり方,程度などが)『…と同じように』 / 『…らしい』,にふさわしい / 《おもに話》たとえば…のような",has_dots
A1,like,verb,…を好む,"…を好む, が好きである / 《しばしば否定文で,また[[would]],《英》[[should]]と共に用いて》…を望む,…したい / 好む, 望む",has_dots
A1,line,noun,線,"〈C〉『線』, 筋 / (色・縫い目などの)『線』,しま, (顔・手などの)しわ([[wrinkle]]) / (物・人の)『列』,行列([[row]]) / 『綱』,糸,針金 / 電線,電話線 / （文章・詩の）『行』 / 《しばしばa~》《話》短い手紙([[note]]) / (鉄道・バスなどの)路線 / 《複数形で》せりふ",too_short
A1,list,noun,表,"〈C〉《...の》表, 一覧表, リスト, 名簿 《of ...》",too_short
A1,love,noun,愛,"〈U〉(…に対する)愛,愛情《+for(of,to,toward)+名》 / 〈U〉《時にa~》(物事に対する)強い好み,愛好《+of(for)+名》 / 〈U〉恋愛 / 〈C〉《my~》愛人,恋人 / 《夫・妻子・愛人に呼びかけて》おまえ,あなた / 〈C〉愛好するもの /",too_short
A1,luck,noun,運,"〈U〉運, 巡り合わせ  / 幸運",too_short
A1,man,noun,男,"〈C〉(成人の) 男 / 〈U〉人類, 人 /",too_short
A1,math,noun,=mathematics,《米話》=[[mathematics]] (《英話》[[maths]]),has_ascii_letter;eq_only
A1,mean,verb,…を意図する,"〈人が〉…を意図する, ...のつもりである / 〈単語・句・文章などが〉…を意味を持つ, を意味する",has_dots
A1,mind,noun,心,"〈U〉心, 精神 / 〈C〉知性 / 意見,考え方",too_short
A1,minute,noun,分,"〈C〉(時間の単位の)分 （1/60時間;《略》m.,min.） / (角度の単位の)分(1/60度;記号は'で,数字の後に付ける) / 〈U〉《しばしばa ~》《話》瞬間,ちょっとの間([[moment]]) / (また[[minute book]])《複数形で》(会議の)議事録",too_short
A1,mom,noun,=mother,"=[[mother]] / 〈C〉〈U〉母 / 〈C〉母親のような人 / 〈U〉《the ~》《…の》源(みなもと),原因《of ...》",has_ascii_letter;eq_only
A1,money,noun,金,"〈U〉金(かね),金銭;通貨  / 〈U〉(金銭的な)利益,もうけ;富,財産  / 《複数形で》(政府・公共事業などの)財源,基金(funds)",too_short
A1,month,noun,月,"(またcalendar month)(暦の上の1月から12月までのそれぞれの)月  / (ある日から翌月のその日までの)ひと月,1か月間  / (またlunar month)(太陰暦の)ひと月(月が地球の周りを1公転する期間;太陽暦ではsolar month)",too_short
A1,moon,noun,月,《the~》(天体の)月  / 〈U〉《しばしばa~》(さまざまに形を変える)月  / 〈C〉(惑星の)衛星(satellite)  / 〈C〉《複数形で》(特に太陰暦の)ひと月  / 〈U〉月光(moonlight)  /,too_short
A1,morning,noun,朝,"〈C〉〈U〉朝,午前(午前0時または夜明けから正午まで)  / 〈U〉《the~》(物事の)始まり,夜明け,黎明(れいめい)《+of+名》  / 《名詞の前にのみ用いて》朝の",too_short
A1,mother,noun,母,"〈C〉〈U〉母 /〈C〉母親のような人 / 〈U〉《the ~》《…の》源(みなもと),原因《of ...》",too_short
A1,mountain,noun,山,"山  / 《the…Mountains》…山脈  / 《a~》山(のような…),(…の)山《+of+名》  / 《a~》多数(の…),多量(の…)《+of+名》",too_short
A1,mouth,noun,口,"(人・動物の物を食べたり,音を発する)口,口腔  / (口に似た)開口部;(袋・びんなどの)口,(銅穴・峡谷などの)入り口;河口,港口",too_short
A1,mum,noun,=mother,=mother(《米》mom),has_ascii_letter;eq_only
A1,must,modal auxiliary,…ねばならない,"《義務・必要》…ねばならない,すべきである  / 《命令・強制》…ねばならない,…せよ;《否定文では禁止》…してはいけない  / …にちがいない,きっと…のはずだ;《「~ have 過去分詞」の形で》…であったに違いない,きっと…であったはずだ  / 必ず…する,…は避けられない  / どうしても…しないと承知しない  / 《話》《過去のあいにくのでき事》あいにく…した",has_dots
A1,near,preposition,…に近く,"(空間的・時間的に)…に近く,の近くに / (状態などが)…に近く,…しそうで",has_dots
A1,neck,noun,首,〈C〉(人間・動物の)首;首の骨  / 〈C〉(衣服の)えり  / 〈C〉首の形をした物  / 〈U〉〈C〉(食品としての)(羊などの)頚肉(けいにく),too_short
A1,need,modal auxiliary,…する必要がある,"《疑問文・否定文,また疑問・否定の内容を表す文で》…する必要がある,しなければならない / 《~ not have doneの形で》…する必要はなかったのに",has_dots
A1,night,noun,夜,"〈C〉〈U〉夜,晩,夜間  / 〈U〉(夜の)暗やみ,夜蔭  / 〈U〉《文》(精神的に)まっ暗な状態(時),やみ  / 〈C〉(特定の行事・目的に当てられる)晩,夜  / 夜の,夜間[用]の;夜勤の;夜行[性]の",too_short
A1,nine,number,9,"〈C〉(数の)9;9の記号(9,IXなど)  / 〈U〉9時,9分;9歳  / 〈U〉《複数扱い》9人,9個  / 〈C〉9人(9個)一組のもの;野球チームのメンバー  / 〈C〉(カードゲームの)9の札  / 《the N-》9人の学芸の女神(the nine Muses)  / 19の,9人の,9個の  / 《補語にのみ用いて》9歳の(で)",too_short
A1,noise,noun,音,"〈C〉〈U〉(特に,大きなまたは不快な)音,物音  / 〈C〉〈U〉(街・往来などの)ざわめき,騒音,騒々しい声  / 〈C〉(一般に)物音  / 〈U〉(ラジオ・テレビなどの)ノイズ,雑音  / …‘を'広める,言い触らす《+名+about(abroad, around)》  / 音を立てる;大声で話す《+about(around, abroad)》",too_short
A1,nose,noun,鼻,"鼻  / 《単数形で》(…に対する)嗅覚(きゅうかく)《+for+名》  / (鼻のように)突起した部分;船首,機首  / 《単数形で》(…を)かぎつける力《+for+名》",too_short
A1,not,adverb,…でない,"《助動詞,be動詞,時にhaveと共に,また一般動詞にはdoを添えて文の否定を表して》…でない,しない  / 《語・句・節を否定して》…でなく /《不定詞・分詞・動名詞を否定して》…しない  / 《[[all]], [[every]]などとともに用いて部分否定を表して》(全部が…なのでは)ない,(必ずしも…では)ない  / 《[[any]], [[either]]などに伴って全面否定を表して》(全",has_dots
A1,nothing,pronoun,何も…ない,"何も…ない(not anything ,no thing)  / 少しも…でない  / 〈C〉《単数形で》重用でないこと(人),取るに足りない人  / 〈U〉ゼロ",has_dots
A1,now,adverb,今,"今, 現在は / 《rightを伴って》ただちに, すぐに / さて, ところで, さあ",too_short
A1,number,noun,数,"〈U〉〈C〉(数えて得られる)数,数量  / 〈C〉(概念としての)数,数字  / 〈C〉番号 / 〈C〉電話番号",too_short
A1,o'clock,adverb,…時,《時間を表す数と共に》…時(じ)  / (自分の位置を時計の文字盤の中央に置いて)…時の位置(方角)に,has_dots
A1,open,verb,…を開く,"…‘を'開く,開ける;…‘の'ふた(おおい)をとる  / …‘を'切り開いて作る,開拓する;…‘を'全開通させる《+名+up,+名+up》  / …‘を'広げる《+up+(out)+名,+名+up(out)》  / …‘を'始める  / …‘を'開業する,開店する,開場する  / (人に)〈心など〉‘を'打ち明ける,〈秘密など〉‘を'漏らす《+名+to+名》  / (新思想などに)〈心・目〉‘を'",has_dots
A1,over,preposition,…を越えた向こうに,…を越えた向こうに / 《数詞を伴って》…以上に / ...の一面に / ...について / ...しながら / 《期間》…の間ずっと,has_dots
A1,paint,verb,…を絵の具でかく,"…‘を'絵の具でかく  / …‘に'ペンキ(塗料)を塗る  / …‘を'言葉で描き出す  / (薬・化粧品などを)〈傷口・顔など〉‘に'塗る《+名+with+名》  / 〈人が〉ペンキ(塗料)を塗る,絵の具で絵をかく  / 〈物が〉よく塗れる,絵の具がよくつく  / 《しばしば軽べつして》化粧する",has_dots
A1,pair,noun,組,"(二つで一つに用いられる物の)組,対《+of+名》  / (対になる部分からなる物の)1個《+of+名》  / 《集合的に》《複数扱い》夫婦,婚約中の男女;(動物の)つがい《+of+名》  / 《集合的に》《複数扱い》(同種または何かの関係のある物の)二人(二つ,2頭など)の組《+of+名》",too_short
A1,paper,noun,紙,"〈U〉紙  / 〈C〉(1枚の)紙  / 〈C〉論文,研究論文(口頭で発表するものをさす);(学生の)レポート  / 〈C〉試験問題[用紙];答案[用紙]  / 〈C〉《話》新聞(newspaper)  / 《複数形で》書類,文書;(身分・資格などを示す)証明書  / 〈U〉紙幣(paper money);手形類  / 〈C〉〈U〉壁紙(wallpaper)  / 紙[製]の  / 紙の上だけの,",too_short
A1,parent,noun,親,〈C〉親 / 《複数形で》両親,too_short
A1,person,noun,人,"(性別・年齢に関係なく)人  / (人間の)体,身体  / 《単数形で》容姿,身なり  / (文法で)人称",too_short
A1,picture,noun,絵,"〈C〉絵,絵画  / 〈C〉写真  / 〈C〉映画;《the pictures》《おもに英》(興行としての)映画  / 〈C〉生き生きとした叙述(描写)  / 〈C〉《単数形で》絵のように美しい人(物,風景)  / 〈U〉《the~》(人の)生き写し;(ある性質・気分などを)絵にしたようなもの;(…の)見本,化身(embodiment)《+of+名》  / 〈C〉《単数形で》(…の)像,心像;画像",too_short
A1,poem,noun,詩,"(1編の)詩,詩歌 / 詩的な文,美文 / 詩情豊かな物",too_short
A1,practice,verb,…を練習する,"『…を練習する』 / (習慣的に)『…を実行する』,を実践する / 〈弁護士・医師〉を開業する / 《…を》練習する,けいこをする《at, on, with ...》 / 《弁護士・医者として》開業する,開業している《as ...》",has_dots
A1,push,verb,…を押す,〈他〉(動かすために)…を押す / 〈提案・要求など〉を押し進める / 〈人〉に押しつける / 〈自〉 押す,has_dots
A1,put,verb,…を置く,"《副詞を伴って》(ある場所・位置に)…を置く / 《状態を表す副詞を伴って》(ある状態に)…を置く / 《仕事・任務・目的などに》...を向ける,を用いる《to ...》 / 《物事に》〈解釈・価値など〉を与える《on, upon ...》 / 《…に》〈考えなど〉を表現する,述べる《into ...》",has_dots
A1,rain,noun,雨,"〈U〉〈C〉雨,雨降り,降雨 / 《the rains》(熱帯地方などの)雨期,雨季 / 〈C〉《比喩(ひゆ)的に》《a ~》(…の)雨《+of+名〈複数〉》 /",too_short
A1,rice,noun,米,米(欧米ではプディングやケーキの原料にも用いる)  / イネ(稲),too_short
A1,river,noun,川,"川  / (水以外のものの)流れ,多量の流出《+of+名》",too_short
A1,role,noun,役,"(役者が演じる)役  / (一般に)役割,任務",too_short
A1,row,noun,列,"〈C〉《人や物の》(特にまっすぐな)列, 並び《of ...》 / (劇場・教室などの)座席の列 / (両側に建物の並んだ) 通り, 《しばしば町名として》…通り",too_short
A1,saw,verb,seeの過去,seeの過去,has_ascii_letter
A1,say,verb,「…」と言う,"《直接話法で》「…」と言う;《人に》「…」と言う《to 〈人〉》 / (意見として)…を言う,を述べる / 〈時計などが〉〈時刻など〉を示している;〈本・新聞などが〉…と言っている / 言う,話す,断言する",has_dots
A1,sea,noun,海,"〈U〉海,海洋；〖形容詞的に〗海の；...海；波；海岸",too_short
A1,set,verb,…を置く,"〈他〉(ある場所に)…を置く / 《...に》...をつける《to ...》 /   (課題・模範として)…を課す / を向ける / 《…に》…を配置する《at, around, on ...》 / (ある状態に)…をする / 〈機械・器具など〉を調節する / 〈日時・制限など〉を定める / 〈自〉〈太陽などが〉沈む /",has_dots
A1,seven,number,7,"〈C〉(数の)7;7の記号(7,VIIなど)  / 〈U〉7時,7分;7歳  / 〈C〉(カードの)7の札  / 〈C〉七つ(7人,7個)一組のもの  / 〈U〉《複数扱い》7人,7個  / 71の,7人の,7個の  / 《補語にのみ用いて》7歳の(で)",too_short
A1,sheep,noun,羊,"羊  / 気の弱い人,人に引きずられやすい人",too_short
A1,ship,noun,船,"(おもに大洋を航行する)船,大型船  / (船の)乗組員  / 《話》飛行機,飛行船;宇宙船  / シップ型帆船",too_short
A1,shoe,noun,靴,靴;《英》短靴  / 靴形の物;(馬の)てい鉄(horseshoe);(杖・棒の)石突き;(自動車の)タイヤの外包み;(ブレーキの )輪止め;(そりの)すべり金,too_short
A1,shoulder,noun,肩,"肩;《複数形で》(両肩を含む)上背部  / 《複数形で》(責任・重荷を負う)双肩,責任を負う能力  / 肩に似た部分 / (服の)肩[の部分] / (山などの)肩 / (道路の)肩  / 肩肉",too_short
A1,side,noun,面,"〈C〉(物体の) 面 / (物体の) 側面, わき / (中心線・分離線から見た) 片側 / (中心部分から見て)…側 / 《単数形で》(人の) そば",too_short
A1,six,number,6,"〈C〉(数の)6;6の記号(6,VIなど)  / 〈U〉6時,6分;6歳  / 《複数扱い》6人,6個  / 〈C〉六つ(6人,6個)一組のもの  / 〈C〉(カード・さいころなどの)6の札(目)  / 6の,6人の,6個の  / 《補語にのみ用いて》6歳の(で)",too_short
A1,sky,noun,空,"空,上空  / 《しばしば複数形で》空模様,天候,気候  / 《しばしば複数形で》天国,天  / 〈ボール〉‘を'高く打ち上げる",too_short
A1,smoke,noun,煙,"〈U〉煙,霧 〈C〉喫煙",too_short
A1,snow,noun,雪,"〈U〉雪  / 〈C〉《単数形で》降雪;《複数形で》積雪  / 〈U〉〈C〉雪のような物;(特に)コカイン,ヘロイン",too_short
A1,song,noun,歌,"〈C〉歌,歌曲,唱歌  / 〈C〉〈U〉(歌うための)詩,詩歌  / 〈U〉歌うこと  / 〈U〉〈C〉(鳥・小川などの)歌うような声(音)",too_short
A1,spring,noun,春,"〈C〉〈U〉春 / 〈C〉跳ぶこと / バネ / 《複数形で》 泉 / 〈U〉《...の》弾力 《of, in ...》 /",too_short
A1,star,noun,星,星 / 恒星,too_short
A1,stone,noun,石,"〈U〉(物質としての)石,石材  / 〈C〉小石,岩石の小片  / 〈C〉《複合語を作って》(特定の目的に用いる)石材  / =precious stone  / 〈C〉(形・堅さが)石に似たもの(あられなど)  / 〈C〉(腎臓・膀胱(ぼうこう)などの)結石  / 〈C〉(果実の)種,核  / 〈C〉《英》(体重を表す重量単位の)ストーン(14ポンド(約5.35キログラム)に相当)  / 石造り",too_short
A1,story,noun,話,"〈C〉(事実に基づいた) 話, 実話 / (架空の)物語 / 〈U〉(小説,詩,劇,映画などの)筋,プロット",too_short
A1,summer,noun,夏,"〈U〉〈C〉夏  / 《the~》《文》盛り  / 《複数形で》《文》年齢  / 夏の,夏向きの",too_short
A1,tea,noun,茶,"〈U〉茶,(特に)紅茶  / 〈U〉(乾燥した)茶の葉;茶の木  / 〈U〉茶に似た飲料,煎じ茶  / 〈C〉〈U〉午後のお茶  / 〈C〉〈U〉お茶の会(午後の軽食を出すパーティー)",too_short
A1,tell,verb,…を話す,"…‘を'話す,語る,言う;〈人〉‘に'話す  / 《tell+名〈人〉+to do》(…するように)〈人〉‘に'命じる  / …‘を'見分ける,識別する  / …‘が'分かる,‘を'知る  / …‘を'表す  / 《古》…‘の'数を勘定する,‘を'数える　語る　(…を)物語る,示す《+of+名》  / (人のことを)告げ口する,密告する《+on+名》  / 《can, be able to などを",has_dots
A1,than,conjunction,…よりも,"《比較級の後に用いて》…よりも,に比べて  / 《関係代名詞的に用いて》…よりも",has_dots
A1,than,preposition,…より,"《比較級の後に用いて》…より, ...に比べて",has_dots
A1,that,conjunction,…ということ,"《名詞節を導いて》…ということ / 《it is(was)…that…の強調構文に用いられて》…のは… / 《原因・理由・判断の根拠を表す節》…だから,とは,の故に / 《目的・意図を表す節》…するように,するために / 《so(such)と相関して結果を表す節》(とても)…なので,…の結果 / 《範囲・制限を表す節》…する限りでは([[so far as]]) / 《願望・感情を表す節を導いて》",has_dots
A1,thing,noun,物,"〈C〉(形のある)物,物体;(生物に対しての)無生物  / 〈C〉(形のない)もの,事,事柄,でき事  / 《複数形で》事情,事態,状勢,状況  / 《複数形で》(すべての)事物,事柄  / 《通例 the~》(努力・活動などの)目的,目標  / 〈C〉衣服,衣類・《one's things》持ち物,所持品,身の回り品  / 《複数形で》道具,用具・〈C〉《親愛・哀れみ・軽べつなどの感情をこめて》",too_short
A1,three,number,3,"3;3の記号(3,?など)  / 〈U〉3時,3分;3歳  / 《複数扱い》3人;3個  / 〈C〉三つ(3人,3個)一組のもの  / (カードゲーム・さいころなどの)3の札,3の目  / 3の,3人の,3個の  / 《補語にのみ用いて》3歳の(で)",too_short
A1,through,preposition,…を貫いて,"《運動や状態の変化を表す動詞とともに》(一方の端から他方へ) …を貫いて,通って / 《場所》…の中を, ...じゅうに /  《期間》…じゅうずっと / 《手段・原因》 ...によって / 《完了・終了》…を終わって / 《貫通・通過》…を貫いて,通って",has_dots
A1,to,infinitive-to,…すること,"【to不定詞】《名詞的用法》『…すること』 / 《形容詞的用法》『…するための,すべき』 / 《副詞的用法》『…するために』,して,するとは,すれば / 《独立用法》 / 《文全体を修飾する慣用語句》…すれば,してみると,…だが",has_dots
A1,too,adverb,…もまた,"…もまた,その上  / あまりにも,過度に,必要以上に  / 非常に,大変,はなはだ(very, extremely)  / 《話》《相手の否定の言葉に,肯定で応じて》ところがどうして",has_dots
A1,tooth,noun,歯,"歯  / 歯状の物,(くし・のこぎり・歯車・フォークなど)歯の働きをする物  /",too_short
A1,tower,noun,塔,"塔,タワー",too_short
A1,town,noun,町,"〈C〉町  / 《the~;一つの町を指して言うとき a~》(田舎と区別して)都会;都会生活  / 《冠詞をつけずに》都心,(商店の立ち並ぶ)下町  / 《冠詞をつけずに》(ある地域の)主要な町(市);(一国の)首都  / 《the~》《集合的に;単数扱い》町の人たち,町民",too_short
A1,tree,noun,木,"木,樹木;(潅木)(bush, shrub),低木に対し)喬木,高木  / (低木や草質植物でも形が高木に似ている)木;  / 木製具  / 枝分かれした図;系統図;(特に)家系図(family tree)",too_short
A1,tube,noun,管,"(金属・ガラス・ゴムなどの)管,筒  / (絵の具・歯みがきなどの)チューブ  / 《米》(列車・地下鉄の)トンネル  / 《英》地下鉄(《米》subway)  / (ラジオ・テレビなどの)真空管(vacuum tube)  / (動植物の)管状器官",too_short
A1,turn,verb,…を回す,"…を回す,を回転させる / 〈角など〉を曲がる / …をひっくり返す / …の向きを変える / …を変化させる / (何かを軸・中心にして)回る,回転する / 《…に》進路を変える《to, toward ...》",has_dots
A1,two,number,2,"〈C〉(数の)2,2の記号  / 〈U〉2時,2分;2歳  / 《複数扱い》二人;2個  / 〈C〉二つ(二人,2個)1組のもの  / 〈C〉(カードゲーム)2の札,(さいころの)2の目  / 2の;二人の;二つの,2個の  / 《補語にのみ用いて》2歳の(で)",too_short
A1,type,noun,型,"〈C〉(…の)型,タイプ,類型,種類(kind)《+of+名》  / 〈C〉(その種類の特質を最もよく表している)典型,手本,模範《+of+名》  / 〈U〉《集合的に》活字;〈C〉(1個の)活字  / 〈U〉(印刷された)字体,活字  / 〈C〉(貨幣・メダルなどの)模様,図柄  / 〈C〉血液型(blood group)",too_short
A1,umbrella,noun,傘,"〈C〉傘 / (一般に,傘状の)保護物,影響力 / 包括するもの, 包括的組織",too_short
A1,under,preposition,…の下に,"《下方の場所・位置》『…の下に』,に覆われて  / 《内部の位置》『…の内側に』,の下に  / (重荷・苦痛など)『を負って』,に圧迫されて  / (支配・保護・影響など)『…を受けて』,のもとで,の状態で  / 《受動状態の継続》『…中』  / (分類項目)『の中に』,に属して  / (地位・数量などが)『…に劣る』,より下の  / (行動などの基準)に従って,基づいて",has_dots
A1,vote,noun,票,"〈C〉票 / 投票 / 《...に関する》(投票・挙手などによる）決定《on, about ...》 / 投票権",too_short
A1,wall,noun,壁,"〈C〉(石・れんがなどの)壁,へい  / {U}(胃などの)内壁,内側  / 〈C〉(…の)壁[のようなもの]《+of+名》",too_short
A1,was,be-verb,am,"[[am]], [[is]]の過去形 / [[be]]の仮定法過去",has_ascii_letter
A1,wash,verb,…を洗う,"…‘を'洗う,洗濯する  / 〈汚れ・しみなど〉‘を'洗い落とす《+名+away(off, out),+away(off, out)+名》;(…から)…‘を'洗い落とす《+名+off(out of)+名》  / 〈人・舟・家屋など〉‘を'洗い流す,押し流す《+名+away(along,down,up),+away(along,down,up)+名》,(…から)…‘を'洗い流す《+名+off(awa",has_dots
A1,water,noun,水,"〈U〉水  / 《しばしば複数形で》海(湖,川)の水  / 《複数形で》流れる水;《海・川・湖などの》波立つ水《of ...》  / 《複数形で》(特定の)水域,領海,近海  / 〈U〉潮位,水位;《the》水面  / 〈U〉分泌液(涙・汗・尿など)  / 〈U〉溶液,…水  / 《複数形で》(飲用の)鉱泉水  / 〈U〉(織物・金属などの)波紋",too_short
A1,way,noun,道,"〈C〉《...へ向かう》道, 通り道, 《...への》道筋《to ...》 / 方向, 方角 / 〈U〉《しばしば形容詞とともに》やり方, 方法, 手段",too_short
A1,week,noun,週,"〈C〉週,(ある日からの)1週間  / (また working week, work week)《a~,the~》(1週間の中の)就業日 , 平日(土日を除いた週) / 〈U〉《Wee》(特定の催しが行われる)週間",too_short
A1,were,be-verb,areの過去形,"[[are]]の過去形（[[be]] の直説法一,二,三人称複数の過去形および二人称単数の過去形） / [[be]] の仮定法過去",has_ascii_letter
A1,what,pronoun,何,"《疑問代名詞》《情報・種別・数量などを求めて》『何』,どんなもの(こと) / 《職業・地位・国籍などを尋ねて》どんな人,何をする人  / 《関係代名詞》《名詞節を導いて》『…するもの(こと)』 / 《副詞的に働く挿入節を導いて》『…なことには』",too_short
A1,when,conjunction,…するときに,…するときに / …するときはいつでも / …なのに / …であるから / もし…ならば /,has_dots
A1,where,conjunction,…する所に,"《場所を表す副詞節を導く》…する所に(で,へ) / 《方向を表す副詞節を導く》…するどこにでも / 《対立・範囲などを表す副詞節を導く》…であるに対して",has_dots
A1,white,noun,白,"〈U〉白,白色 / 〈U〉〈C〉白いもの;(特に)卵の白身 / 〈U〉白衣,白色の服;《しばしば複数形で》白の制服(運動着など) / 〈C〉白人",too_short
A1,wife,noun,妻,"妻,女房,奥さん,夫人  / 《古》(特に結婚した)女",too_short
A1,will,modal auxiliary,…だろう,"《単純未来》…だろう, ...する予定である / 《疑問文で》…だろうか / 《~ be 現在形》…しているだろう, …することになるだろう, 《~ have 過去分詞》…してしまっているだろう / 《意志未来》…するつもりである, ...しよう,  《穏やかな命令》...しなさい, 《依頼・勧誘》…してくれませんか / 《主語の強い意志・固執》どうしても…しようとする / 《習慣》よく…する /",has_dots
A1,wind,noun,風,"〈C〉〈U〉《しばしば the ~》風 / 強風 / 〈U〉息,呼吸, 肺活量",too_short
A1,window,noun,窓,窓 / (銀行などの)窓口 / (店の)飾り窓  / 窓ガラス([[windowpane]])  / 窓状の物 / (封筒のあて名を見えるようにした)窓,too_short
A1,winter,noun,冬,"冬,冬季  / 冬の,冬に適した,冬用の",too_short
A1,with,preposition,…と,"《随伴・協調》…と, と共に / 《所有・所持》…を持っている / 《道具・手段》…で, を使って / 《財料・供給物》…を与えて /  ...に反対して / …と同時に / …に比べて / 《付帯状競》…して,しながら / …が原因で",has_dots
A1,woman,noun,女,"〈C〉(成人した)女,女性,婦人  / 〈U〉《冠詞をつけずに》女性[全体],女  / 〈C〉《the womanhood》女らしさ,女性特有の感情(性格,言葉づかいなど)  / 〈C〉(主婦の代りに)家事をする女性,お手伝いさん;(女王に仕える)侍女,女官  / 〈C〉《修飾語[句]を伴って》妻,恋人,愛人",too_short
A1,word,noun,語,"〈C〉語,単語  / 《しばしば複数形で》(表現された)言葉;(自分の考えに基く)言葉  / 〈C〉《しばしば複数形で》短い会話,ひと言  / 《単数形で;one's word》約束,保証  / 〈U〉《冠詞をつけずに》知らせ,伝言  / 《the word》合い言葉  / 〈C〉《the word, one's》命令,指図  / 《複数形で》口論,論争  / 《the Word》聖書,(聖書に書",too_short
A1,would,modal auxiliary,…だろう,…だろう / …するつもりである / 《過去の想像・推定》…だったろう / 《過去における主語の強い意志・固執》どうしても…しようとした / 《過去における習慣・動作の反復》…したものだった / 《控え目な表現・丁寧な表現として》たぶん…だろう / 《人の特性・癖》きまって…する / 《願望を表す動詞の目的語節において》(願わくは)…であるよう,has_dots
A1,year,noun,年,"〈C〉(グレゴリオ暦で1月1日に始まり12月31日に終わる)年,暦年(calendar year)  / 〈C〉(任意の時からの)1年間,12か月  / 〈C〉年度;(特定の)1年  / 〈C〉…歳;《複数形で》年齢  / 《複数形で》老齢(old age)  / 《複数形で》長い年月,長月,多年  / 《複数形で》時代  / 〈C〉(天文学上の)暦年",too_short
A2,ID card,noun,=identitycard,=identity(identification)card,has_ascii_letter;eq_only
A2,MP3 player,noun,MP3プレーヤー,MP3プレーヤー,has_ascii_letter
A2,Ms.,noun,…さん,"《未婚・既婚にかかわらず女性の姓・姓名の前につけて》…さん,様,女史",has_dots
A2,affair,noun,事,"〈C〉(個人的に関心・関係のある)事, 事柄 / 事件, 出来事 / 《複数形で》仕事,業務",too_short
A2,along,preposition,…をたどって,"…をたどって,…に沿って / …の間に([[during]]),…の途上で",has_dots
A2,alright,adjective,=all right,=[[all right]] / （事が）かまわない / 《...にとって》都合がいい 《for ...》 / うまく行っている,has_ascii_letter;eq_only
A2,apparently,adverb,どうも…らしい,"《推測》どうも…らしい / 《疑念》外見上は, 一見したところ…らしい / 《矛盾》（思っていたことと違い）実は / 《確信》明白に",has_dots
A2,association,noun,協会、組合 連合、共同、交際 連想、連想されるもの,協会、組合 (～との)連合、共同、(～との)交際〈with〉 連想、連想されるもの,too_long
A2,attack,verb,…を襲う,"…'を'襲う,攻撃する;(ゲームで)…'を'攻める  / (演説・文書などで)…'を'非難する,攻撃する  / 〈病気・不運などが〉…'を'襲う,冒す  / 〈仕事など〉‘に'勢いよく取りかかる,着手する  / 攻撃をする  /",has_dots
A2,award,noun,賞,"〈C〉賞, 賞品",too_short
A2,bay,noun,湾,"『湾』,『入り江』",too_short
A2,been,be-verb,beの過去分飼形,beの過去分飼形,has_ascii_letter
A2,before,conjunction,…する前に,"《時》…する前に,しないうちに / 《優先》…するよりむしろ,…するくらいなら([[rather than]])",has_dots
A2,belly,noun,腹,"『腹』,腹部(abdomen) / 胃 / (物の)内側,内部(inside) / ふくれた部分,胴 / 前面[部],下面[部] / …'を'ふくらませる　ふくらむ",too_short
A2,beyond,preposition,…を越えて,"《場所》…を越えて,の向こうに(へ)  / 《数詞つきの句とともに》…から[いくつ目]  / 《時間》…を過ぎて,よりも遅く  / 《程度・範囲》…の限度を越えて;…以上に(above)  / 《通例否定文・疑問文で》…よりほかには,以外に  / 向こうに,かなたに  / 《the~》かなた,果て  / 《the [great]~》あの世",has_dots
A2,blood,noun,血,"血,血液  / 流血(bloodshed);殺人  / 気質,気性,血気,血潮  / 血統,血縁(kinship);生まれ,家柄;《the~》王家の血統  / (人種・出身国の)系",too_short
A2,bloom,noun,花,"〈C〉(特に観賞用植物の)『花』 / 〈U〉《a~,the~》 《集合的に》花 / 〈C〉開花;開花期,花盛り / 〈U〉(ある状態の)真っ盛り;(ほおの)ばら色,健康色 / 〈U〉(ほおの)健康な桜色 / 〈U〉(ブドウなどの果実の表面に生ずる)白い粉",too_short
A2,bra,noun,=brassiere,"=brassiere,　brassiere",has_ascii_letter;eq_only
A2,branch,noun,枝,"枝  / 支流,支脈,支線;分家  / 支店,支部,支局  / (学問の)部門,分科",too_short
A2,calendar,noun,暦,"〈C〉暦,カレンダー  / 〈C〉〈U〉暦法  / 〈U〉〈C〉年中行事表;訴訟事件表,議事日程表",too_short
A2,can,noun,缶,〈C〉缶 / 《米》缶詰,too_short
A2,captain,noun,長,"長,かしら(chief)  / 船長,艦長;(吾行機の)機長  / (チームの)主将,キャプテン;組長  / 陸軍大慰;海軍大佐;《米》(空軍・海兵隊の)大慰,《英》空軍大佐  /",too_short
A2,castle,noun,城,"城,とりで  / (一般に)大邸宅,やかた  / (またrook)(チェスのこまの)城将",too_short
A2,chain,noun,鎖,"鎖;(装飾用の)鎖  / 《複数形で》束縛,拘束;囚人をつなぐ鎖  / (物事の)連続,つながり《+of+名》  / (商店・銀行・ホテルなどの)チェーン(一連の店が同一資本のもとで連携して経営される方式;その店)  / チェーン(測量で用いられる単位;約21.7m)  /",too_short
A2,chapter,noun,章,章 / 支部,too_short
A2,cheek,noun,頬,"〈C〉頬, ほお / 〈U〉《話》生意気な言葉, 生意気",too_short
A2,chest,noun,胸,胸；肺；(頑丈な)収納箱；〖a ～ of A〗Aの1箱分；金庫,too_short
A2,consider,verb,…をよく考える,"(決定・決意のために)…'を'よく考える,熟慮する  / …'を'みなす,思う(進行形にできない)  / …'を'考慮に入れる,心にとめる  / …'を'重んじる,尊重する;…‘に'注意(注目)する  / 熟慮する,考えてみる",has_dots
A2,contact,verb,…を接触させる,"…'を'接触させる,接続させる  / 《話》…‘と'連絡する  / 接触による",has_dots
A2,copy,verb,…を写す,"…'を'写す,複写する,模写する  / …'を'まねた  / (…から)…'を'こっそり写す,盗作する《+名+from(off)+名》  / (…から…へ)複写する《+from(out of)+名+into+名》  / (…を)こっそり写し取る《+from(off)+名》",has_dots
A2,country,noun,国,国 / 祖国 / 田舎、田園地方,too_short
A2,cover,verb,…の表面をおおう,"《…で》…の表面をおおう,を包む,をかぶせる《with ...》  / (範囲が)…に及ぶ,にわたる  / …に保険を掛ける  / …を報道する,取材する  / 〈要塞・砲などが〉を制圧する  / (ピストルなどで)〈人〉をねらう《with ...》  / (球技などで)〈相手の動きなど〉をふせぐ  / 《…の》代役をする,身代りをする《for ...》",has_dots
A2,create,verb,…を創造する,"(神・自分などが)…'を'創造する,産み出す  / (思考力・想像力によって)…'を'創作する  / ''を'引き起こす  / 《create+名〈目〉+名〈補〉》〈人〉'を'(…に)任じる,…‘に'(爵位を)授ける  / 怒って騒ぎたてる",has_dots
A2,criticize,verb,…を非難する,"…'を'非難する,酷評する  / …'を'批評する,批判する  / 酷評する;あら捜しをする",has_dots
A2,death,noun,死,"〈U〉〈C〉死,死亡;死に方,死にざま  / 〈U〉死んだ[ような]状体  / 《the~》(…の)絶滅,破滅《+of+名》  / 《the~》(…の)死の原因,命取り《+of+名》  / 《通例D-》死神(手に鎌(かマ)を持った黒装束の骸骨(がいこつ)で表される)",too_short
A2,destroy,verb,…を破壊する,"…‘を'破壊する,打ち壊す  / 〈計画・希望など〉‘を'くじく  / …‘を'殺す",has_dots
A2,develop,verb,…を生じさせる,"(今まではなかったが)…‘を'生じさせる,‘を'現す  / …‘を'発展させる,伸ばす,成長させる  / 〈病気・悪習など〉‘に'だんだん感染する,かかりはじめる,‘を'発病させる  / 〈資源など〉‘を'開発する  / …‘を'十分に考える,〈議論・主題など〉‘を'展開する  / 〈フイルム〉‘を'現像する  / 〈ないもの・隠れているものが〉現れる,明らかになる  / (…から…に)発展する,",has_dots
A2,disturb,verb,…をかき乱す,"…をかき乱す, を騒がしくする  / 〈人〉を不安にする,を心配させる / 〈人・行動・安眠など〉を邪魔をする, を妨害する([[bother]])",has_dots
A2,divide,verb,…を分ける,"(部分・断片・グループなどに)…‘を'分ける,分割する《+名+into+名》  / (人と)…‘を'分け合う《+名+with+名》;(人人の間で)…‘を'分配する《+名+among(between)+名》  / (…から)…‘を'分離する,切り離す,区切る《+名+from+名》  / (…に)〈時間など〉‘を'割り当てる《+名+between+名》  / (感情的に・考え方の上で)〈人〉‘を'対立",has_dots
A2,done,do-verb,doの過去分詞,"doの過去分詞 / 仕上がった,完成した / 「(食べ物が)焼けた」の意を表す",has_ascii_letter
A2,drug,noun,薬,"〈C〉薬, 薬品 / 麻薬",too_short
A2,dry,verb,…を乾かす,"…を乾かす《up》 / 《手ぬぐい・ハンカチなどで》〈手・足など〉をぬぐう,をふく《with, on ...》 / (保存のために)〈食物〉を乾燥させる / 乾く,〈水が〉かれる《up, out》",has_dots
A2,east,noun,東,"《the~》東;(…の)東方,(…の)東部《+of+名》  / 《the East》東洋(the Orient)  / 《the East》《米》東部地方",too_short
A2,enter,verb,…に入る,"…に入る  / …に入り込む([[penetrate]])  / …の一員となる,に参加する  / 《…に》〈人〉を入学させる, 《...に》...を参加させる《in, fof ...》  / 《…に》…を記入する《in, into, on ...》  / 〈新しい生活・局面など〉に入る  / 〈異議など〉を正式に申し出る  / 入る  / 登場する",has_dots
A2,except,conjunction,…を除いて,"…を除いて,のほかは",has_dots
A2,except,preposition,…を除いて,"…を除いて,のほかは",has_dots
A2,feather,noun,羽,"(1枚の)『羽』,羽毛 / 羽毛のように軽い(弱い,小さい,つまらない)もの / …‘に'羽毛を付ける;…‘に'羽飾りを付ける / (ボートをこぐとき)〈オール〉‘を'水平に返す",too_short
A2,fog,noun,霧,"霧,もや  / 霧状(の…),(…の)霧《+of+名》  / (写真のネガの)曇り,かぶり  / …‘を'霧(霧状のもの)でおおう  /",too_short
A2,follow,verb,…の後について行く,"…‘の'後について行く;…‘の'後に続く(来る)  / 〈道など〉‘を'たどる,‘に'沿って行く  / 〈規則など〉‘に'従う  / 〈動きなど〉‘を'じっと見詰める,観察する  / …‘を'理解する(understand)  / …‘を'まねる,模範とする  / 〈職業〉‘に'従事する  / …‘から'起こる(result from)  / 〈人・動物など〉‘を'追跡する,追う  / 後について",has_dots
A2,footballer,noun,フットボーラー、サッカー選手、フットボールの選手,フットボーラー、サッカー選手、フットボールの選手,too_long
A2,force,noun,力,〈U〉力 / 暴力 / 影響力 / 〈C〉軍隊,too_short
A2,fortune,noun,運,"〈U〉運,運勢,運命  / 〈U〉〈C〉幸運;《F-》運命の女神  / 〈U〉富(とみ),財産(riches, wealth);〈C〉大金,巨万の富",too_short
A2,fried,adjective,fryの過去・過去分詞,fryの過去・過去分詞 / 油で焼いた(揚げた),has_ascii_letter
A2,frighten,verb,…をひどく驚かせる,"(突然)…‘を'ひどく驚かせる,おびえさせる  / ひどく怖がる,おびえる",has_dots
A2,frightened,adjective,おびえた、ぎょっとした、怖がって、どきどきした,おびえた、ぎょっとした、(…に)怖がって、どきどきした,too_long
A2,gate,noun,門,"(…への)門,通用門《+to(of)+名》;(門の)とびら  / (ダム・運河などの)水門  / (競技場・劇場などの)[有料]入場者数  / (またgate money)総入場料",too_short
A2,gender,noun,性,(名詞・代名詞の)性,too_short
A2,given,adjective,giveの過去分詞,"giveの過去分詞 / 定められた,一定の;(数学などで)与えられた / 《補語にのみ用いて》(…)する癖がある,(…に)熱中する《+『to』+『名』(do『ing』)》 / (公文書で何月何日に)作成された,交付された / …と仮定すると,もし…とすると / …があれば;…を考慮しても",has_ascii_letter
A2,globe,noun,球,"〈C〉球,球体  / 《the ~》地球(the earth)  / 〈C〉地球儀  / 〈C〉球形のガラス器(ガラス鉢・ランプのほや・金魚鉢など)",too_short
A2,gold,noun,金,"金（きん）/ 富,財宝 / 黄金色",too_short
A2,grandchild,noun,孫,孫,too_short
A2,gun,noun,銃,"銃,砲  / (銃に似た)吹き付け(注入)器具  / (合図・儀礼としての)銃砲の発射;礼砲,祝砲,弔砲  /",too_short
A2,hate,verb,…を憎む,"…‘を'憎む,ひどくきらう;《話》…‘を'いやだと思う",has_dots
A2,head,verb,…の先頭に立つ,"…の先頭に立つ, を率いる;…の長である / 《…の方へ》…を向ける《for, toward ...》 / (サッカーで)〈ボール〉を頭で受ける,をヘディングする / 《…に向かって》進む《for, toward ...》",has_dots
A2,hold,verb,…を持つ,"〈他〉(手などに)…を持つ,を持っている / ...を押しとどめる / (ある位置・状態に) ...を保つ / (容器などが) ...を入れている / 〈自〉しっかりと付いている / 《...に》しっかりつかまっている 《to ...》 / 《 ~ 形容詞》《...の》ままである /",has_dots
A2,hug,verb,…を抱き締める,《副詞[句]を伴って》(特に愛情を持って)…‘を'『抱き締める』;(両腕・ひざなどで)…‘を'ぎゅっと締めつける / (船・車・人などが)…‘に'接近して進む / 〈考えなど〉‘に'固執する(cling to) / (特に愛情の印としての)抱擁,has_dots
A2,image,noun,像,"(鏡に映った)像,(レンズによる)映像  / (心に浮かぶ)像,心像,イメージ  / (絵・彫刻などによる人・動物などの)像,肖像;偶像《+of+名》  / (…に)そっくりの人(物)《+of+名》  / (…の)典型;(…の)化身《+of+名》  / (直喩(ちょくゆ)・隠喩などの)比喩  / …‘の'像を描く;…‘を'思い描く",too_short
A2,impress,verb,…を感銘させる,"〈他〉《…で》…を感銘させる,に印象づける《with》；を銘記させる；《…に》をつける,刻み込む《on》；（印などを）…につける《with》",has_dots
A2,indicate,verb,…を指し示す,"…‘を'指し示す,指摘する  / …‘を'簡単に述べる,知らせる",has_dots
A2,invade,verb,…に侵入する,〈敵が〉…‘に'侵入する  / 〈人が〉…‘に'押し寄せる  / 〈権利など〉‘を'侵害する(violate)  / 〈病気などが〉…‘を'おかす,has_dots
A2,invent,verb,…を発明する,"…‘を'発明する,考え出す  / …‘を'でっち上げる",has_dots
A2,lake,noun,湖,"〈C〉湖, 湖水 / (必要以上の大量の)液体 / 《a ~ of ...》大量の...",too_short
A2,law,noun,法,"〈U〉《the ~》《集合的に》(法律・法規を総称して)法  / 〈U〉〈C〉(個々の)法律,法規  / 〈U〉法の[統制]力  / 〈U〉法律学  / 〈U〉弁護士[業]  / 〈U〉《the law》警察[力],警官(police)  / 〈U〉法の適用(発動);訴訟(legal action)  / 〈C〉(科学・芸術などでの)法則,きまり  / 〈C〉〈U〉(一般に従うべき)おきて,ならわ",too_short
A2,lead,noun,鉛,"〈U〉鉛 / 〈C〉鉛のおもり,測鉛 / 《複数形で》(ガラスをはめる)鉛の枠 / 〈U〉〈C〉黒鉛,鉛筆のしん / 〈U〉(鉛の)弾丸  / 〈U〉《the~》先頭",too_short
A2,left,noun,左,"〈U〉《 the ~》左, 左側 / 左翼の政党, 左派 / 〈C〉左翼手 / (ボクシングで)左手打ち",too_short
A2,license,verb,…に許可を与える,〈他〉〈法機関が〉…に許可を与える,has_dots
A2,likely,adjective,…しそうな,"《補語にのみ用いて》…しそうな,らしい  / 《名詞の前にのみ用いて》ほんとうらしい,ありそうな  / 適切な,あつらえ向きの  / たぶん,おそらく(probably)",has_dots
A2,lock,noun,錠,〈C〉錠  / (運河の)水門,too_short
A2,lost,adjective,loseの過去・過去分詞,"loseの過去・過去分詞 / 『失った』,なくなった,紛失した / 『負けた』;(賞などを)取りそこなった / (時間・労力などが)『浪費された』・破壊された(destroyed) / 《補語にのみ用いて》(…に)夢中になった,没頭した《+『in』+『名』》",has_ascii_letter
A2,mark,noun,跡,"〈C〉《…の表面についた》 跡 《on ...》 / 印, 記号 / 《おもに英》(学業などの)点数 / (ある性質の) 徴候, 特徴 / (思想・生活などに及ぼす) 影響 / 的, 標的",too_short
A2,marry,verb,…と結婚する,"…‘と'結婚する,‘を夫(妻)にする;《しばしば比喩(ひゆ)的に》〈金・人の財産など〉‘と'結婚する  / 〈牧師などが〉…‘を'結婚させる  / 〈特に両親が〉(…に)…‘を'嫁にやる,嫁がせる《+off+名+to+名》  / 〈いくつかの…〉‘を'結合させる,融合させる;(…と)…‘を'結びつける《+名+with+名》  / 結婚する",has_dots
A2,max,noun,＝ maximum,"＝ [[maximum]] / 最大限（量）, 最高点 / 極大",has_ascii_letter;eq_only
A2,meter,noun,"メートル メートル法で長さの基本単位, m","〈C〉メートル (メートル法で長さの基本単位, 《略》m）",has_ascii_letter;too_long
A2,might,modal auxiliary,…かもしれないのだが,《仮定法で》  《現在の事実と反対の仮定》…かもしれないのだが / 《過去の反対の推量》…したかもしれない / 《可能性・推量》ひょっとしたら...かもしれない / 《許可》…してもよい / 《提案・依頼》…してくれませんか / 《非難・不平》…してもよさそうなものだ,has_dots
A2,mirror,noun,鏡,"鏡, (物の)鏡のような面  / (…の)姿を映す物;(…の)反映,手本(example)《+of+名》",too_short
A2,motorway,noun,=expressway,《英》=expressway,has_ascii_letter;eq_only
A2,need,verb,…を必要とする,"…を必要とする,を要する",has_dots
A2,no one,pronoun,だれも…ない,『だれも』…『ない』,has_dots
A2,nobody,pronoun,だれも…ない,"だれも…ない(not anybody)  / 取るに足らない人,つまらぬ人間",has_dots
A2,north,noun,北,"《the~》北;北方  / 《the~,the N-》北部[地方],北方[地域]  / 《the N-》米国の北部諸州(特にOhio川以北のMaryland州・Missouri州を含む諸州;南北戦争で南部同盟諸州と戦った)",too_short
A2,offer,verb,…を申し出る,"…‘を'申し出る,すすめる,提供する  / …‘を'企てる  / (品物に)〈値段〉‘を'つける《+名〈値段〉+for+名〈品物〉》  / (ある金額で)…‘を'売りに出す《+名+for+名〈金額〉》  / (神に)…‘を'ささげる《+up+名+to+名》  / 〈機会などが〉現れる,起こる(occur)  / (神に)ささげ物(祈り)をささげる  / (女性に)求婚する",has_dots
A2,oil,noun,油,"〈U〉〈C〉油;油状物  / =petroleum  / 《複数形で》=oil paint  / =oil painting  / …‘に'油を塗る,油を引く,油を差す",too_short
A2,outside,preposition,…の範囲を越えて,…の範囲を越えて  / 《おもに米》…以外には,has_dots
A2,pan,noun,鍋,"(通例ふたのない片柄の) 鍋, 平鍋",too_short
A2,passage,noun,節,"〈C〉 節,句 / 通路〈U〉通過すること / 通行の許可",too_short
A2,pence,noun,pennyの複数形,pennyの複数形,has_ascii_letter
A2,penfriend,noun,=pen pal,=pen pal,has_ascii_letter;eq_only
A2,power,noun,力,"〈U〉力, 能力 / 《...に対する》権力, 支配権 《over ...》 / 〈C〉権力者, 実力者 /",too_short
A2,prefer,verb,Aのほうを好む,"《Bよりむしろ》Aのほうを好む, を選ぶ 《A to B》 / (法廷などに)…を提出する / 《文》(特に教会などで) 《...に》...を昇進させる《to ...》",has_ascii_letter
A2,print,verb,…を印刷する,"…‘を'印刷する  / 〈原稿・本など〉‘を'出版する  / …‘を'活字体で書く  / 〈写真〉‘を'焼きつける,〈印画〉‘を'つくる  / (…に)…‘を'押してつける;(心に)…‘を'刻みつける,印象づける《+名+on+名》  / (印刷・焼きつけなどによって)〈活字・模様・写真などが〉現れる,写る;〈紙などが〉印刷できる  / 〈機械が〉印刷する  / 活字体で書く",has_dots
A2,quit,verb,…をやめる,"…‘を'やめる,中止する  / 〈職・地位など〉‘を'断念する,此てる,放棄する  / 《英では古》〈人・土地など〉‘から'去る  / やめる,中止する  / 辞職(退職)する  / (敗北を認めなどして)断念する  / 去る;立ちのく  / (…を)免れた,(…から)自由な《+of+名》",has_dots
A2,red,noun,赤,"〈U〉〈C〉赤,赤色;赤い絵の具(染料)  / 〈U〉赤い服  / 〈C〉《しばしばR-》《話》《時に軽べつして》アカ,共産主義者;過激論(主義)者  / 〈U〉《通例the ~》(会計の)赤字,負債",too_short
A2,regret,verb,…を後悔する,"…‘を'後悔する;…‘を'残念に思う  / 〈人が〉〈失われたもの〉‘を'惜しむ,悲しむ  /",has_dots
A2,relaxed,adjective,くつろいだ、リラックスした、形式ばらない、くだけた、緩やかな、寛大な,くつろいだ、リラックスした、形式ばらない、くだけた、緩やかな、寛大な,too_long
A2,repair,verb,…を修繕する,"〈他〉…を修繕する, を修理する / …を償う /",has_dots
A2,rock,noun,岩,"〈U〉〈C〉岩,岩石 / 岩壁 / 〈C〉岩片 / 《米話》石, 小石 / 岩のように強固(堅固)なもの",too_short
A2,root,noun,根,"〈C〉《しばしば複数形で》根 / 根元 / 《the~》根源 / 【動/他】〈植物〉を根づかせる /  《…に》…を定着させる《to, in ...》 / 【動/自】《...に》根を下ろす, 定着する《in, on, to ...》",too_short
A2,salt,noun,塩,"〈U〉塩,食塩  / 〈U〉(化学で)塩  / 《複数形で》薬用塩類(Epsom salt[s],smelling salts)  / 〈U〉生気(刺激,興趣)を与えるもの  / 〈C〉《話》(特に老練な)水夫  / 塩の,塩を含んでいる;塩気のある,塩辛い  / 塩漬けにした  / (土地が)塩につかった  / 塩信でできた,塩水の中で育つ  / 〈食べ物〉‘を'塩で味をつける;〈肉・魚など〉‘",too_short
A2,second,noun,秒,〈C〉(時間・角度の) 秒  / 《単数形で》瞬間 (moment),too_short
A2,seed,noun,種,"〈U〉〈C〉種,種子  / 〈C〉《複数形で》(物事・事件などの)原因,根源,種  / 〈U〉(聖書で)子供たち,子孫  / 〈土地〉‘に'種をまく,まく;(…を)…‘に'まく《+名+with+名》  / 〈果物など〉‘の'種を除く  / 〈チーム・競技者など〉‘を'シードする  / (人工雨を降らすため)〈雲〉‘に'ドライアイス(その他の化学薬品)を散布する  / 〈植物が〉種(実)を生ずる;種",too_short
A2,shade,noun,陰,"陰,日よけ,陰影,濃淡,色合い",too_short
A2,shadow,noun,陰,"〈U〉陰,暗がり,物陰;《the shadows》夕やみ  / 〈C〉(輪郭のはっきりした)影,人影,影法師  / 〈U〉(絵課の)陰影,暗部  / 〈C〉幻, 幻影;幽霊,亡霊  / 〈C〉(…の)かすかな影(気配)《+of+名》  / 《おもに否定文で》《a~》ごくわずか(の…)《+of+名〈抽象名詞〉》  / 〈C〉影のようにつきまとう人,尾行者,探偵  / 〈C〉《比喩的に》(悲しみ・憂う",too_short
A2,shape,noun,形,"〈U〉〈C〉形, 形状",too_short
A2,shore,noun,岸,"〈C/U〉(海・湖・河の) 岸, 海岸,湖畔,河岸 / 陸 / 《しばしば複数形で》地方,国",too_short
A2,silver,noun,銀,"銀(金属元素;化学記号はAg)  / (商品・通貨基準としての)銀  / 銀貨(一般に銀白色の)硬貨  / 《集合的に》銀(銀めっき)の食器類,銀器",too_short
A2,singing,noun,歌,"〈U〉歌,歌唱,声楽 / 〈U〉〈C〉歌うこと;歌声 / 〈U〉ヒューヒュー(ブンブンなど)と鳴る音;耳鳴り / 歌を歌う,さえずる",too_short
A2,sound,noun,音,"〈C〉〈U〉音, 音響",too_short
A2,source,noun,源,〈C〉源 / 水源,too_short
A2,south,noun,南,"〈U〉《通例the south》南,南方  / 《the south, the South》南方[地方]  / 《the South》(米国の)南部地方",too_short
A2,spread,noun,広がり、幅、広さ、広がること、パンに乗せるもの,広がり、幅、広さ、広がること、パンに乗せるもの,too_long
A2,stair,noun,段,〈C〉(階段の一つの)段  / 《複数形で》階段,too_short
A2,statue,noun,像,"像,彫像,立像",too_short
A2,stomach,noun,胃,"〈C〉胃  / 〈C〉《話》腹,腹部(abdomen)  / 〈U〉《しばしばa~》(…に対する)食欲《+for+名》  / 〈U〉《+for+名》・腹に入れる; 食べる, 消化する; 何とか我慢して飲み下す; （侮辱などを）がまんする",too_short
A2,strength,noun,力,"〈U〉力, 体力 / (物の) 耐久力, 抵抗力, 影響力",too_short
A2,suit,verb,…に適する,"…‘に'適する,合う  / 《しばしば受動遠で》(…に)…‘を'合わせる,適応させる  / 〈人〉‘に'似合う  / 〈人〉‘に'都合がよい,‘を'満足させる  / 適する,合う  / 似合う  / 都合がよい",has_dots
A2,surname,noun,姓,"姓,名字(family name, last name) / 《古》あだ名(nickname)",too_short
A2,survive,verb,…の後まで生きる,"…の後まで生きる, …より長生きする; 助かる; 耐える・生き残る; 残存する",has_dots
A2,tear,noun,涙,〈C〉涙 / 泣くこと / 悲嘆 / しずく,too_short
A2,text,verb,…にメッセージを送る,…にメッセージ（SMSやLINEなどのインスタントメッセージ）を送る,has_dots
A2,text message,noun,メール、SMSやLINEなどのインスタントメッセージ,メール、SMSやLINEなどのインスタントメッセージ,has_ascii_letter;too_long
A2,throw,verb,…を投げる,"…を投げる,をほうる  / 《…に》…を投げつける,〈ミサイル・弾丸など〉を発射する《at ...》 / 《…に》〈光・影〉を浴びせる《on, over ...》",has_dots
A2,tie,noun,糸,"(縛るのに用いる)糸,ひも,綱 / ネクタイ",too_short
A2,tone,noun,音,"〈C〉(高さ・音色・長さ・音量の点から見た)音  / 〈C〉〈U〉音質  / 〈C〉楽音;全音程  / 〈C〉《しばしば複数形で》言い方,書き方,口調,語調  / 〈C〉支配的な(一般的な)風潮(傾向)  / 〈U〉(筋肉などの緊張の)正常な状態  / 〈C〉色調,色合い,濃淡,明暗  / (音・色などで)…‘に'ある調子(口調,色合い)をつける  / …‘の'色を変える,色を補正する",too_short
A2,toward,preposition,…のほうへ,"《運動の方向》…のほうへ,に向かって  / 《位置の方向》…のほうに,に面して  / 《時間・数量の接近》…近く  / 《関係》…に対して  / 《目的・貢献》…のために  / まさに起ころうとして,間近に迫って  / 進行中で",has_dots
A2,tram,noun,=streetcar,"《英》(また tramcar)=streetcar / 〈C〉(鉱山用の)四輪運搬車,トロッコ",has_ascii_letter;eq_only
A2,try,verb,…に努力する,"…‘に'努力する,‘を'努める  / …‘を'試す,してみる,使って(食べて,飲んで)みる  / 〈戸・窓など〉‘を'開けようとする  / 〈人〉‘を'裁く;〈事件〉‘を'裁判する  / 〈人〉‘を'つらい目に会わせる,悩ます  / …‘を'酷使する,疲れさせる  / 試みる,やってみる,努力する  /",has_dots
A2,tune,noun,曲,"(音楽の)曲,節(ふし),メロディー(melody)  / 〈楽器〉‘の'調子を合わせる,‘を'調律する《+up+名,+名+up》  / 〈エンジンなど〉‘を'調整する《+up+名,+名+up》  / (…に)〈受信機〉‘を'同調させる,‘の'波長を合わせる《+名+to+名》",too_short
A2,valley,noun,谷,"谷,谷間  / 《修飾語を伴って》《通例単数形で》(大河の)流域",too_short
A2,village,noun,村,"〈C〉村,村落  / 《the~》《集合的に;複数扱い》村の人々,村民",too_short
A2,voice,noun,声,"〈U〉(人間の)声  / 〈U〉声を出す力,物を言う力  / 〈C〉〈U〉声の質,声の状態(調子)  / 〈C〉(人の声を思わせる)(…の)音《+of+名》  / 〈C〉(人の声にたとえた)(…の)音《+of+名》  / 〈U〉〈C〉発言権,選択権,投票権  / 〈U〉表現,表明;意見  / 〈C〉(声楽の)声  / 〈C〉(文法で)態  / 〈気持ちなど〉‘を'言い表す,口に出す  / 〈音〉‘",too_short
A2,wave,noun,波,"波 / うねり / 高まり,強まり",too_short
A2,wealth,noun,富,"富,財産  / 《しばしば a wealth》豊富(な…),たくさん(の…)《+of+名》",too_short
A2,west,noun,西,"《the west》西;(…の)西方,(…の)西部《+of+名》  / 《the West》西洋西欧,欧米  / 《the West》《米》西部地方  / 《the West》(共産圏に対して)西側[諸国],西側陣営  /",too_short
A2,whatever,determiner,どんな…でも,"《関係形容詞》どんな…でも,いかなる…でも / 《譲歩節を導いて》どんな…でも / 《all, any, no などを伴う名詞の後に付けて》どんな(少しの)…でも",has_dots
A2,within,preposition,…以内に,"…以内に  / 《距離》  / 《期間・時間》  / 《範囲・制限》  / 《おもに文・古》《場所》…の内部に,の中に  / …の心の中に(で)  / 中に,内側に  / 内部",has_dots
A2,without,preposition,…なしに,"…なしに,を持たないで,を使わないで  / 《条件を表す句を作って》もし…がなければ  / 《動名詞を伴って》…しないで[は],せずに  / 《付帯状況のないこと》…しないで  / 《古》《場所》…を外に  / 《限度》…[の限度]を越えて  / 外に,外部に  / 外部  / もし…でなければ(unless)",has_dots
B1,CD-ROM,noun,＝compact disc read only memory,"＝compact disc [disk] read only memory,シーディーロム(コンパクトディスクを使った記録媒体)",has_ascii_letter;eq_only;too_long
B1,CV,noun,＝curriculum vitae,"＝curriculum vitae,《英》履歴書",has_ascii_letter;eq_only
B1,Mediterranean,noun,=Mediterranean Sea,=Mediterranean Sea / 地中海地方,has_ascii_letter;eq_only
B1,account,verb,〖for A〗Aを占める,〖for A〗Aを占める；Aを説明する,has_ascii_letter
B1,advertise,verb,…を広告する,"…を広告する,宣伝する;…を言いふらす  / 《…を求めて》広告を出す《for ...》",has_dots
B1,after,conjunction,…した後で,"《時》…した後で(に),してから",has_dots
B1,announce,verb,…を発表する,"…'を'発表する,公表する  / …‘の'来訪(到着,出席)を大声で告げる;〈食事〉‘の'用意ができたことを大声で知らせる  / 〈物事が〉…'を'示す  / (ラジオ・テレビで)〈試合など〉‘の'アナウンスをする  / アナウンサーとして勤める(働く)",has_dots
B1,anti,adjective,反…,【接頭辞】反…；非…；対…；抗…；不…,has_dots
B1,approximately,adverb,約,"約 / おおよそ, だいたい",too_short
B1,arm,verb,…を武装させる,"《…で》…を武装させる《with ...》 / 《必要・有用なもので》〈人〉を防備させる,を堅固にする《with ...》 / 《…に》武装して備える《for, against ...》 / 《...で》防備する《with ...》",has_dots
B1,arrest,verb,…を逮捕する,"(…の罪で)…'を'逮捕する,検挙する《+名+for+名》  / 〈進歩など〉'を'止める  / 〈注意など〉'を'ひく",has_dots
B1,arrow,noun,矢,矢  / (用途・形などが)矢に似た物;(記号の)矢印(→),too_short
B1,assign,verb,〖A to B,"〖A to B/BA〗AをBに割り当てる,課す,配分する；指定する；譲渡する",has_ascii_letter
B1,assume,verb,…を本当のことと思う,"(証拠はないが)…を本当のことと思う, を仮定する,推測する / 《かたく》(役目・任務・責任など)を引き受ける, 〈責任〉を負う",has_dots
B1,attract,verb,…を引きつける,"(物理的な力で)…'を'引きつける,引き寄せる  / 〈人,人の注意・興味など〉'を'引きつける,誘う",has_dots
B1,bang,verb,…をバンと打つ,"…をバンと打つ, 《...に》...をバンと打ちつける 《on, against, at ...》 / バンと音を立てる /  〈前髪〉を切り下げにする",has_dots
B1,beat,verb,…をたたく,"(連続して)…をたたく,打つ([[pound]])  / 《…に》…をたたきつける,打ちつける《against ...》  / 《…に》…をたたいて作る《into ...》;〈金属〉を打ち延ばす  / …を勢いよくかき混ぜる  / 〈リズム・拍子〉を手をたたいてとる  / 〈道〉を踏み固めて作る  / 《話》〈人〉を困らせる  / 〈風・雨・波などが〉《…に》打ちつける《at, against,i",has_dots
B1,bedside,noun,寝床の側…まくら元,寝床の側…(病人の)まくら元 / 寝床のぞばの,has_dots
B1,bent,adjective,bendの過去・過去分詞,"bendの過去・過去分詞 / 曲がった / 《補語にのみ用いて》(…の)決心をした,(…に)熱中した《+on+名(doing)》 / 《英俗》不正直な",has_ascii_letter
B1,bill,verb,…に勘定書を送る,…に《…の》勘定書(請求書)を送る《for ...》 / ポスター(ビラ)で宣伝する,has_dots
B1,blend,verb,…を混ぜ合わせる,(分離できないほどに)…'を'混ぜ合わせる;(…に)…'を'混ぜる《+名+with+名》  / 混じる;溶け合う  / (…と)調和する《+with+名》(harmonize),has_dots
B1,board,verb,…に板を張る,"…‘に'板を張る,'を'板で囲う《+up(over)+名,+名+up(over)》  / …‘に'食事を出す,'を'まかない付で下宿させる  / …‘に'乗り込む  / (…に)まかない付きで下宿する,食事つきで滞在する《+at+名〈場所〉,+with+名〈人〉》",has_dots
B1,bow,noun,弓,"『弓』 / (楽器の)弓 / 弓形,弓形のもの(にじなど) / (リボンなどの)ちょう結び;ちょうネクタイ([[bowtie]]) / (めがねの)つる",too_short
B1,breast,noun,胸,"〈C〉胸, 胸部 / 乳房 / 《文》胸中",too_short
B1,breath,noun,息,"〈U〉息,呼吸;UC〉1回の吸気(め気)  / 〈C〉(風の)そよぎ;(…の)かすかなかおり《+of+名》  / 〈C〉(…の)ささやき(whisper)《+of+名》",too_short
B1,bull,noun,牛,〈C〉牛 / 雄 / (株の)買い方,too_short
B1,bunch,noun,束,"〈C〉《...の》 束, ふさ 《a ~ of ...》 / 《話》《…の》 群れ 《of ...》 / 《米》 多数の..., 大量の... 《a ~ of ...》",too_short
B1,calculate,verb,…を見積もる,"…'を'見積もる,算定する  / 《受動態で》(ある目的で)…'を'意図する(intend)  / (推理・常識・体験によって)…'を'予想する,判断する,‘と'思う  / 見積もる;計算する",has_dots
B1,canned,adjective,かん詰めのtinned,《米》『かん詰めの』《英》tinned) / 《話》(レコード・テープに)録音された,has_ascii_letter
B1,categorize,verb,…を分類する,"…'を'分類する,範疇に分ける",has_dots
B1,choke,verb,…の息を止める,"…の息を止める,を窒息させる / 《…で》…を息苦しくする《with, by ...》 / 《…で》…をいっぱいにする,《…を》…にぎっしり詰める《up, with ...》 / 息が詰まる / 《…で》息苦しくなる《with ...》",has_dots
B1,cod,noun,タラ 、=codfish 1,タラ （鱈）、=codfish 1,has_ascii_letter;eq_only
B1,coffin,noun,棺,"『棺』,ひつぎ",too_short
B1,complete,verb,…を仕上げる,"…'を'仕上げる,終える  / …'を'完全なものにする,完成する",has_dots
B1,construct,verb,…を組み立てる,"(一定の計画・設計に従って)…を組み立てる, を建てる",has_dots
B1,cotton,noun,綿,"綿,綿花  / 綿の木(cotton plant)  / 綿布,もめん  / 綿糸,もめん糸",too_short
B1,county,noun,州,"〈C〉《英》 州  / 《米》郡  /  《the ~》州民, 郡民",too_short
B1,date,verb,…に日付を入れる,…に日付を入れる / の年代を定める / 《おもに米話》（異性）とデートする / 日付がある / (特定の時代に)始まる / 《おもに米話》デートする,has_dots
B1,defend,verb,…を守る,"(…から)…'を'守る,保護する《+名+against(from)+名(doing)》  / (言論などで)…'を'擁護する,支持する  / (法廷で)〈被告〉'を'弁護する  / 防御する,身を守る",has_dots
B1,delay,verb,…を延期する,"…'を'延期する,延ばす  / 〈事故などが〉…'を'遅らせる  / ぐずぐずする,手間取る",has_dots
B1,deny,verb,…を否定する,"…‘を'否定する,否認する  / 《deny+名+名=deny+名+to+名》〈人・自分〉‘に'…‘を'与えない(許さない)",has_dots
B1,diagram,noun,図,"〈C〉図, 図表, 予定表, グラフ",too_short
B1,disable,verb,…を役に立たなくする,"《しばしば受動態で》…‘を'役に立たなくする,無力にする,動けなくする  / 《文》(…から)…‘を'失格させる,無能力にする《+名+from+名(doing)》",has_dots
B1,disc jockey,noun,=disk jockey,=disk jockey,has_ascii_letter;eq_only
B1,dot,noun,点,"点,ぽち,しみ  / (ペンで書いたような)小点;終止符(period)  / (通信の)短点",too_short
B1,drown,verb,…を溺死させる,"…‘を'『溺死』(できし)『させる』 / (…で)…‘を'水浸しにする,ずぶぬれにさせる《+『名』+『in』(『with』)+『名』》 / 〈大きな音が〉〈ほかの音〉‘を'かき消す《+『out』+『名,』+『名』+『out』》 / (仕事・研究などに)〈自分〉‘を'熱中させる,(酒などで)〈憂いなど〉‘を'晴らす,紛らす《+『名』+『in』+『名』》 / 『溺死』(できし)『する』",has_dots
B1,drunk,adjective,drinkの過去分詞,"drinkの過去分詞 / 酒に酔って,酔っぱらって / (感動・喜びなどに)酔いしれて,夢中になって《+『with』+『名』》 / 酔っぱらい",has_ascii_letter
B1,dustbin,noun,=garbage can,=[[garbage can]] / =[[ash can]],has_ascii_letter;eq_only
B1,edge,noun,縁,"〈C〉縁,端;(峰などの)背  / 〈C〉(刃物の)刃;〈U〉(刃の)鋭利さ  / 〈U〉(欲望などの)強さ,激しさ",too_short
B1,edition,noun,版,"(刊行物の)版;(同じ版で同時に刷った)全発行部数;(同じ版の)1冊(部)  / 《修飾語[句]を伴って》(装丁などから見た)…版,体裁",too_short
B1,emphasize,verb,…を強調する,"…‘を'強調する,重要視する",has_dots
B1,endure,verb,…に耐える,"…‘に'耐える,‘を'持ちこたえる  / 《しばしば否定文で》…‘を'がまんする,忍ぶ,大目に見る  / 《文》持ちこたえる,長く続く〈last〉  / 耐え忍ぶ",has_dots
B1,enemy,noun,敵,"敵  / 《the~》《集合的に;《米》では単数扱い,《英》では単数・複数扱い》敵兵,敵軍;敵国  / (…を)害するもの,(…の)敵《+to(of)+名》",too_short
B1,enthusiast,noun,…狂,…狂;(…に)熱中している人《+about+名》,has_dots
B1,expose,verb,…をさらす,《風雨・危険・攻撃などに》…をさらす《to ...》 / 〈秘密など〉を暴露する,has_dots
B1,fall,noun,秋,〈C〉〈U〉秋 / 〈C〉《...から》落ちること《from ...》,too_short
B1,fallen,adjective,fallの過去分詞,"fallの過去分詞 / (高い所から)落ちた / 堕落した,名を汚した / (国・町などが)滅びた,廃虚となった,陥落した / (特に戦闘で)死んだ",has_ascii_letter
B1,fellow,noun,男,"〈C〉《話》 男, やつ / 《話》 (一般に) 人 / 仲間, 同僚 / (学会などの)会員",too_short
B1,film,verb,…を薄膜でおおう,"/ …‘を'薄膜でおおう  / …‘を'フイルムに写す,(映画に)撮影する  / 〈小説など〉‘を'映画化する  / (ほこり・氷などで)うっすらとおおわれる《+over with+名》  / 映画化される",has_dots
B1,finger,noun,指,(手の)指  / 指の形をしたもの;(手袋の)指;(メーターなどの)指針  / 指幅(びん入りの酒の量を測るときなど),too_short
B1,foot,noun,足,"〈C〉(人間・動物の)足(くるぶしから先の部分);(生物体の)足状の部分  / 〈C〉《通例the~》(高い物・長い物の)足部,下部,低部《+of+名》  / 〈C〉《通例the foot》(階級・地位などの)最下位《+of+名》  / 〈U〉〈C〉歩み,足取り  / 〈C〉フィート(長さの単位で12インチ,30.48センチ)  / 〈C〉詩脚(詩における韻律の単位)  / 〈C〉《通例単数形で》",too_short
B1,forbidden,adjective,forbidの過去分詞,"forbidの過去分詞 / 禁じられた,禁制の",has_ascii_letter
B1,forehead,noun,額,"『額』(ひたい),前額部",too_short
B1,fountain,noun,泉,"泉(spring);水源  / 噴水;噴水池:  / =drinking fountain  / (…の)源,源泉《+of+名》",too_short
B1,frost,noun,霜,"〈U〉〈C〉『霜』;霜が降りること / 〈U〉例の降りる寒さ;《英》氷点以下の温度 / 〈C〉《話》《軽べつして》《催しなどの》失敗,しくじり,(劇なじの)不入り,失敗作",too_short
B1,frozen,adjective,freezeの過去分詞,"freezeの過去分詞 / 凍った,凍結した / (態度などの)冷たい,冷淡な / (資産などが)凍結された",has_ascii_letter
B1,furthest,adverb,=farthest,(farの最上級)=farthest,has_ascii_letter;eq_only
B1,goodness,interjection,神,《godの婉曲表現》神,too_short
B1,grab,verb,…をぎゅっとつかむ,"…‘を'ぎゅっとつかむ,ひったくる / (…を)ひっつかむ《+at+名》;(…に)さっと手を伸ばす《+for+名》 / 不意につかむ / 取り込む / 横取りする / 逮捕する / (人の心)をとらえる,〈人に〉強い印象を与える / を軽く飲み(食い)する / 〈...を〉大急ぎで取る,利用する",has_dots
B1,groom,noun,新郎 =bridegroom,新郎 =bridegroom /『馬丁』,has_ascii_letter;eq_only
B1,group,verb,…を一群に集める,"…‘を'一群に集める,一団にする《+名+together》  / (系統的に)…‘を'分類する,調和よく配合する《+名+together》  / 集まる,群(集団)をなす",has_dots
B1,gym,noun,=gymnasium l,〈C〉=gymnasium l  / 〈U〉(学科目の)体操(gymnastics),has_ascii_letter;eq_only
B1,hang,verb,…を掛ける,"《通例副詞[句]を伴って》(…に)…‘を'掛ける,下げる,つるす  / (ちょうつがいなどで)〈ドアなど〉‘を'取り付ける《+名+on+名》  / …‘を'絞殺する;(犯罪で)…‘を'絞首刑にする  / 《話》《damnの遠回しな語として,ののしりの言葉や強意表現に用いて》  / 〈頭など〉‘を'垂れる  / (絵などで)〈部屋・壁など〉‘を'飾る,覆う《+名+with+名》;〈壁紙など〉‘を'壁",has_dots
B1,harbor,noun,港,"〈U〉港 / 避難所,隠れ場所",too_short
B1,hearted,adjective,「…の心を持った」「心が…の」の意を表す,「…の心を持った」「心が…の」の意を表す,has_dots
B1,heaven,noun,天,"〈C〉《通例複数形で》『天』,『空』 / 〈U〉(神・天使などが住む)天国,極楽 / 〈U〉《H-》『神』(God) / 〈C〉〈U〉《話》天国のような場所;非常な幸せ",too_short
B1,hip,noun,腰,"〈C〉腰,背骨, ヒップ",too_short
B1,horn,noun,角,"〈C〉(牛・羊・ヤギ・シカなどの)『角』;(カタツムリの)触角;(ミミズクの)耳 / 〈U〉(細工の材料としての)角 / 〈C〉角製の物,角笛 / 〈C〉『警笛』 / 〈C〉ホルン(金管楽器で,初めは動物の角で作ったが,現在は金属やプラスチックで作る);フレンチホルモン(French horn);《俗》トランペット / 〈C〉角状のもの;新月(三日月)のとがった先端",too_short
B1,horrify,verb,…をぞっとさせる,"…‘を'ぞっとさせる,こゎがらせる(frighten) / 《階》…‘を'あきれさせる",has_dots
B1,ignore,verb,…を無視する,"…‘を'無視する,顧みない",has_dots
B1,illuminate,verb,…を照らす,"…‘を'『照らす』,照明する,明るくする / …‘を'『照明で飾る』 / …‘を'明らかにする,解明する / 〈ページ・写本など〉‘を'色模様(飾り字)で飾る",has_dots
B1,imitate,verb,…を見習う,"…‘を'『見習う』,手本にする / …‘の'『まねをする』 / …‘を'『模写(模造)する』,‘に'似せて作る",has_dots
B1,including,preposition,…を含んで,"…を含んで,入れて",has_dots
B1,instance,noun,例,"〈C〉例, 実例 / 場合",too_short
B1,iron,noun,鉄,"〈U〉鉄 / 鉄のようなこと〈C〉鉄製の器具 / アイロン / 手かせ,足かせ",too_short
B1,isle,noun,島,《詩》島(island),too_short
B1,jade,noun,玉,"玉(ぎょく),ひすい / ひすい色,緑色 / やせ馬, 駄馬 /《軽べつして,またおどけて》女",too_short
B1,jog,verb,…を軽く揺り動かす,"…‘を'軽く揺り動かす;…‘を'ちょっと押す(突く)  / 〈記憶など〉‘を'呼び起こす,刺激する  / (特に健康法として)ゆっくり走る  / とぼとぼと歩き続ける《+on(along)》",has_dots
B1,kiss,verb,…に口づけする,"…‘に'口づけする,キスする  / …‘に'軽く触れる  / 口づけする,キスをする  / 《俗》(前の車に)追突する",has_dots
B1,knock,verb,…をたたく,"(音がするくらい強く)…‘を'たたく,打つ,なぐる  / (…に)〈体・体の一部〉‘を'ぶつける《+名+against(on)+名》  / 《副詞[句]を伴って》…‘を'打って(ある状態などに)する  / 〈穴など〉‘を'打ってあける  / 《俗》…‘を'けなす,こきおろす  / 《英俗》…‘を'びっくりさせる,‘に'ショックを与える  / (…を)コツコツとたたく《+on(at)+名》  / (",has_dots
B1,land,noun,陸,"〈U〉(海・川・湖に対して)陸,陸地  / 〈U〉(性質・用途から見た)土地,土壌(ground, soil)  / 〈C〉国,国土(country)  / 〈C〉(特定の)地域の住民,国民  / 《the lands》(特定の)地域,地帯  / 〈U〉〈C〉(財産としての)土地,所有地",too_short
B1,lessen,verb,…を少なくする,"…‘を'『少なくする』,小さくする,減らす / 『少なくなる』,小さくなる,減る",has_dots
B1,liberate,verb,…を自由にする,"(…から)…‘を'自由にする,解放する《+『名』+『from』+『名』》 / (…から)〈ガス〉‘を'遊離させる《+『from』+『名』》",has_dots
B1,lift,verb,…を持ち上げる,"(上の位置まで)…‘を'持ち上げる,引き上げる《+up+名,+名+up》  / …‘を'上に向ける《+up+名,+名+up》  / (上の程度・段階まで)…‘を'高める,上げる《+up+名,+名+up》  / 〈禁止令・税金など〉‘を'徹廃する;〈封鎖・妨害など〉‘を'解除する  / 《話》(…から)…‘を'失敬する《+名+from+名》  / 〈雲・霧などが〉晴れる",has_dots
B1,light,verb,…に火をつける,"…に火をつける《up》 / …に明かりをつける, を照らす《up》 / 〈人〉を明かりをつけて案内する / 〈表情など〉を明るくする《up》 / 〈物が〉火がつく,点火する;明かりがつく《up》 / 明るくなる,晴れ晴れする《up》",has_dots
B1,link,noun,輪,"〈C〉(鎖の) 輪 / 《...と》つなぐもの, 《...との》絆, つながり《with, to ...》",too_short
B1,lung,noun,肺,"〈C〉《しばしば複数形で》肺, 肺臓",too_short
B1,mash,verb,…をすりつぶす,(調理などで)…‘を'すりつぶす,has_dots
B1,mend,verb,…を直す,"…‘を'『直す』,修繕いる / 〈行い・誤りなど〉‘を'『改める』,改善する / (繕って)元通りになる / 〈病人・けがなどが〉快方に向かう",has_dots
B1,minimize,verb,…を最小限にする,"…‘を'最小限にする  / …‘を'過小評価する,軽視する",has_dots
B1,minus,preposition,…を引くと,"…を引くと,を減ずると  / 《話》…なしで,を失って,のない(without)",has_dots
B1,molecule,noun,分子mol,分子《略》mol)  / (一般に)(…の)微量《+of+名》,has_ascii_letter
B1,mosquito,noun,カ,カ(蚊),too_short
B1,mount,noun,山,〈C〉《文》 山  / 《『M-』》《固有名詞の前に付けて》… 山,too_short
B1,mud,noun,泥,『泥』;ぬかるみ,too_short
B1,name,verb,…に名前をつける,〈他〉…に名前をつける / ...の名前を言う,has_dots
B1,narrate,verb,…の話をする,"…‘の'話をする,‘を'物語る,述べる / (ドラマなどで)語り手になる",has_dots
B1,needle,noun,針,"『針』,縫い針;(編物用の)かぎ針,編み棒 / (レコードプレーヤーの)針;(磁石・らしん盤など各種計器の)針 / 外科用の針(縫合針など);注射針 / 針状のもの;小尖塔(しょうせんとう);とがった山頂 / (マツ・モミなどの)針葉",too_short
B1,nephew,noun,甥,『甥』(自分や配偶者の兄弟姉妹のむすこ),too_short
B1,ness,noun,岬,《古》岬(みさき),too_short
B1,net,noun,網,"〈C〉網, ネット",too_short
B1,network,noun,網,"〈U〉〈C〉網,網細工  / 〈C〉網状のもの  / 〈C〉(ラジオ・テレビの)放送網",too_short
B1,next door,adverb,…～の隣に,…～の隣に,has_dots
B1,obtain,verb,…を得る,"〈他〉(努力して)…を得る, を手に入れる / 《...に》...をもたらす, を得させる《for ...》 / 〈自〉《文》〈習慣・制度などが〉存続する",has_dots
B1,occasion,noun,時,"〈C〉(事が起こる,特定の)時 / 出来事 / 〈U〉〈C〉機会 / 理由",too_short
B1,ocean,noun,海,"〈U〉海 / 〈U〉海洋,大洋 / …洋, …海 / 膨大な量(広がり)",too_short
B1,opposite,adverb,…の向かい側に,…の向かい側に,has_dots
B1,overcome,verb,…に打ち勝つ,"(試合・戦闘などで)…‘に'打ち勝つ,‘を'圧倒する(conquer)  / 〈困難・障害・恐怖心など〉‘に'打ち勝つ,‘を'克服する,乗り越える  / 《通例受動態で》〈人〉‘を'参らせる,へとへとにさせる",has_dots
B1,paid,adjective,payの過去・過去分詞,"payの過去・過去分詞 / 有給の, 雇われている / 有料の, 支払い済みの",has_ascii_letter
B1,paralyze,verb,…を麻痺させる,"…‘を'『麻痺させる』,しびれさせる / …‘を'無力にする,役に立たなくさせる",has_dots
B1,permit,verb,…を許可する,"〈人が〉…‘を'許可する  / 〈物事が〉…‘の'機会を与える,‘を'可能にする  / 〈事が〉許す",has_dots
B1,phrase,noun,句と違って「主語+述語動詞」の構造を持たず,"〈C〉(文法で)句(2語以上の語の集まりで,節(clause)と違って「主語+述語動詞」の構造を持たず,文中で一つの品詞の働きをするもの)  / 〈C〉成句,熟語,慣用句;語群,連語  / 〈C〉〈U〉言葉づかい,言い回し  / 〈C〉簡潔な言葉;名言,寸言,警句  / 〈C〉(メロディーの一単位を構成する)楽句",too_long
B1,pin,verb,…をピンで留める,"(…に)…‘を'ピンで留める《+名+to(on)+名》  / (人・物事に)〈望み・信頼など〉‘を'かける《+名+on+名》  / (…に)…‘を'動けなくする《+名+against(to, under)+名》  / 《話》〈罪・過失など〉‘を'(人の)せいだとする《+名+on+名〈人〉》",has_dots
B1,pipe,noun,管,〈C〉管 / パイプ,too_short
B1,plan,verb,…を計画する,"…‘を'計画する,‘の'案を立てる  / …の設計図をかく,‘を'設計する  / 計画を立てる",has_dots
B1,platform,noun,台,"台,壇　(話者や演技者などが立つ)演壇,演台,舞台　(特に政党の)政策,綱領",too_short
B1,plug,noun,栓,"(穴・すきまなどをふさぐ)栓,くさび  / (電気の)差し込み,プラグ  / 《話》=spark plug  / 消火栓(fireplug)  / (一口分に切った)かみたばこ  / 《話》(テレビ・ラジオの番組にはさんだ)宣伝,広告  / 《米俗》老いぼれ馬",too_short
B1,pole,noun,棒,"〈C〉(木製・金属性などの)棒, さお / 柱 / (牛車・馬車の)ながえ",too_short
B1,pond,noun,池,『池』,too_short
B1,port,noun,港,"〈C〉〈U〉港 / 〈C〉港町, 港市",too_short
B1,powder,noun,粉,"〈U〉〈C〉粉,粉末  / 〈U〉おしろい  / 〈U〉〈C〉粉薬  / 〈U〉火薬,爆薬(gunpowder)  / 〈U〉粉雪",too_short
B1,preserve,verb,…を守る,"〈他〉《文》 《...から》…を守る,を保護する 《from ...》 / を維持する, を保持する / (食物)を保存する",has_dots
B1,prize,noun,賞,"〈C〉賞, 賞品 / (努力して手に入れる) 価値あるもの",too_short
B1,program,verb,…を計画に加える,…‘を'計画に加える(含める);(…するように)…‘の'計画を立てる《+**名**+**to**do》 /  (コンピューターで)…‘の'プログラムを作る;〈コンピューター〉‘に'プログラムを入れる,has_dots
B1,promote,verb,…を助長する,"…‘を'助長する,促進する,増進する  / (…に)…‘を'昇進させる,進級させる《+名+to+名》  / 〈議案など〉‘を'通過するように努力する  / 〈会社・事業〉‘を'発起する;〈興業〉‘を'主催する  / 〈商品など〉‘の'販売促進をする",has_dots
B1,protect,verb,…を守る,"(危険・損害などから)…‘を'守る,保護する《+名+from(against)+名(doing)》  / 〈国内産業〉‘を'保護する",has_dots
B1,provided,conjunction,もし…ならば,"《~ that ...》もし…ならば,…という条件で",has_dots
B1,quantity,noun,量,"〈U〉量 / 〈C〉《...の》量,数,額,高 《of ...》 / 〈C〉多量,多数 / 〈C〉(数学で)量,数量",too_short
B1,railway,noun,=railroad,"《英》=railroad  / 〈C〉《米》(一般に)線路,軌道",has_ascii_letter;eq_only
B1,rap,verb,…をコツンとたたく,"…‘を'コツン(トン)とたたく / 〈命令など〉‘を'びしゃりと言う《+『out』+**名**,+**名**+**out**》",has_dots
B1,rarely,adverb,めったに…しない,"《文を修飾する副詞として》めったに(まれにしか)…しない(seldom)  / 《文》まれなほど,とても(unusually)",has_dots
B1,rearrange,verb,…を整理し直す,"(以前とは別の様式で)…‘を'整理し直す,配列し直す",has_dots
B1,recite,verb,…を暗唱する,"(人の前で)…‘を'『暗唱する』,朗読する / …‘を'『詳しく話す』,物語る / 〈事実・名前など〉‘を'列挙する / 《米》(教室で生徒が)〈勉強した所〉‘を'口頭で発表する;(教科書などを見ないで)〈質問〉‘に'答える / (人の前で)暗唱する / 《米》〈生徒が〉口頭で述べる(答える)",has_dots
B1,recognize,verb,…を確かに認める,"〈他〉(それに間違いないと)…を確かに認める / 《...などで》…を見分ける, を認識する《from, by ...》 / (すでに得ている経験・知識などによって)…を認める, を理解する",has_dots
B1,reef,noun,礁,"[暗]礁,岩礁,砂州(さす)",too_short
B1,regarding,preposition,…に関して,"《おもに商用の文で》…に関して,…の点では(as regards)",has_dots
B1,report,verb,…を報告する,"…‘を'**報告する**,**報道する**",has_dots
B1,rescue,verb,…を救う,"(危険などから)…‘を'救う,救助(救出)する《+名+from+名(doing)》",has_dots
B1,resist,verb,…をこらうる,"《通例否定文で》…‘を'こらうる,がまんする  / …‘に'抵抗する,反抗する  / …‘の'作用に耐える,‘に'影響されない,抵抗する,耐える",has_dots
B1,respect,verb,…を尊敬する,"…‘を'尊敬する,敬う  / …‘を'尊敬する,重んずる",has_dots
B1,retell,verb,…を再び語る,…‘を'再び語る;…‘を'言い替える,has_dots
B1,rewrite,verb,…を書き直す,…‘を'書き直す  / 《米》〈記者からの報告〉‘を'新聞比事に書き直す,has_dots
B1,riddle,verb,…のなぞを解く,…‘の'なぞを解く / なぞをかける;なぞのようなことを言う,has_dots
B1,sand,noun,砂,"〈U〉砂  / 《複数形で》砂地,砂浜,砂漠  / 《複数形で》時刻,時間",too_short
B1,season,noun,季,"季,季節(春夏秋冬の4季節のそれぞれ)  / (一年のうちの,ある気候の)時季,時節  / (果物などの)出盛り,(…の)盛んな時期  / (一般に)時節,時期 / 《…に》ふさわしい時,《…の》好期《for ...》",too_short
B1,sex,noun,性,"〈U〉〈C〉性,性別  / 《the~》《形容詞を伴い集合的に》男性,女性  / 〈U〉(男女(雌雄)間の)相違[の意識]  / 〈U〉性に関する事柄(情報)  / 〈U〉性交",too_short
B1,shadow,verb,…を影でおおう,"…‘を'影でおおう,陰にする  / …‘を'尾行する  / …‘に'暗い影を落とす,‘を'暗く(憂うつに)する",has_dots
B1,shake,verb,…を振る,"(前後・上下・左右などに)…‘を'振る,揺り動かす,揺する  / (…から)…‘を'振り落とす《+名+from(out of)+名》  / 〈地震・爆発などが〉…‘を'震動される  / 〈基礎・信念など〉‘を'動揺させる,ぐらつかせる  / 〈人〉‘を'動揺させる,‘を'心をかき乱す  / 〈ちり・病気・悪習・追っ手など〉‘を'振り払う,振り切る,除く《+off+名,+名+off》  / 揺れる,",has_dots
B1,ship,verb,…を船で送る,"…‘を'船で送る,船に積む;(郵便・鉄道・トラック・飛行機などで)…‘を'送る,輸送する  / 〈船が〉〈波〉‘を'かぶる  / 〈船具〉‘を'船に取り付ける  / 乗船する;船旅をする  / (…として)船で働く,船員になる《+as+名》",has_dots
B1,sleeve,noun,袖,"〈C〉袖, たもと / スリーブ(機械の棒軸などをはめ込む金具)",too_short
B1,slope,noun,坂,"〈C〉坂,斜面 / 〈U〉〈C〉勾配, 傾斜",too_short
B1,smell,verb,…をかぐ,"(調べたりするために)…‘を'かぐ,‘の'においをかぐ  / …‘を'においで気づく,‘の'においに感づく  / …‘に'感づく,‘を'かぎ出す《+out+名,+名+out》  / 〈物が〉においがする,におう  / 〈人・動物が〉においがわかる;(…の)においをかぐ《+at+名》  / (特に)いやなにおいがする  / 〈物事が〉何かにおう,(…の)感じがする《+of+名(doing)》",has_dots
B1,soul,noun,魂,"〈C〉〈U〉魂,霊魂;心,精神(spirit)  / 〈U〉情,感情,情緒  / 〈U〉(物事の)生命,精髄;《話》生気,迫力  / 〈C〉人,人間  / 〈C〉(…の)権化,典型,化身《+of+名》  / 〈C〉(…の)指導者,中心人物《+of+名》",too_short
B1,sphere,noun,球,"球,球体,球面  / (惑星・星などの)天体;天球;《詞》天,空  / (知識・活動・影響などの)範囲,領域《+of+名》  / (社会的)地位,階級",too_short
B1,sports,adjective,=sport,=sport{名},has_ascii_letter;eq_only
B1,star,verb,…を星で飾る,…を星(星形の物)で飾る;…‘に'星印をつける;(…を)…‘に'のようにちりばめる《+**名**+**with**+**名**》,has_dots
B1,stem,verb,…の茎を取り去る、…に茎［軸］を取り付ける、〔～の流れをダムなどで〕せき［食い］止める,"〈他〉…の茎(軸)を取り去る、…に茎［軸］を取り付ける、〔～の流れをダムなどで〕せき［食い］止める / 〈自〉《...に》 由来する, 《...から》 生じる 《from ...》／＜名＞茎、ワイングラスの柄、",has_dots;too_long
B1,stick,verb,…を刺す,"〈他〉《...で》…を刺す, を突く 《with ...》 / 《...に》 を突き刺す 《in, through ...》 / 《AでBに》...を刺して留める 《~ ... on B with A》 /《のりなどで》《...に》...をはる, をくっつける《~ ... on ... with ...》 /  ...を動けなくする / 〈自〉《...に》突き刺さる《in ...》 / くっついて",has_dots
B1,stricken,adjective,strikeの過去分詞,"strikeの過去分詞 / (悲しみ・病気・不幸などに)襲われた,打ちひしがれた / 傷ついた,(弾に)撃たれた",has_ascii_letter
B1,stripe,noun,筋,"筋,しま  / 《複数形で》(軍服のそでにつける)記章,そで章(階級・勤続年数などを表す)  / むち打ち",too_short
B1,stuck,adjective,stick の過去・過去分詞,"stick の過去・過去分詞 / 動かない,固定している,粘着している / 動けない,(支障があって)進行が止まっている / 「stuck on 何々」で「何々に夢中になっている・惚れ込んでいる」",has_ascii_letter
B1,stun,verb,…を気絶させる,"(殴打などで)…‘を'気絶させる / (驚き・時に喜びなどで)〈人〉‘の'肝をつぶさせる,‘を'ぼう然とさせる(amaze)",has_dots
B1,summarize,verb,…を要約する,"…‘を'要約する,手短に述べる",has_dots
B1,support,verb,…を支える,"…‘を'支える  / 〈家族など〉‘を'養う,扶養する  / 〈人・主義など〉‘を'支持する,擁護する  / (精神的に)〈人〉‘を'力づける;(金銭的に)〈人〉‘を'援助する  / 〈見解など〉‘を'立証する,裏書きする  / …‘に'耐える,がまんする  /",has_dots
B1,suppose,verb,…と仮定する,"(議論のために)…と仮定する / …と思う,と信じる,と想像する / (物事が)…を前提にする / 思う, 考える",has_dots
B1,surprise,verb,…を驚かす,"《しばしば受動態で》…‘を'驚かす,びっくりさせる  / …‘を'不意をつく,虚をつく  / …‘を'急襲する,寄襲する",has_dots
B1,sweat,noun,汗,"〈U〉『汗』 / 〈U〉(一般に,物の表面にできる)湿気,露,水滴 / 〈U〉《しばしばa ~》発汗[状態];〈C〉発汗作用 / 〈U〉《しばしばa ~》《話》心配(いらだち,怒り)の状態 / 〈U〉《しばしばa ~》骨折り,つらい労働",too_short
B1,sweatshirt,noun,綿ジャージーの長袖のTシャツ,(特に運動選手が着る)綿ジャージーの長袖のTシャツ,has_ascii_letter
B1,swollen,adjective,swell の過去分詞,"swell の過去分詞 / 膨れた,はれあがった;(…で)膨れた《+with+名》 / 《名詞の前にのみ用いて》誇大な,大げさな",has_ascii_letter
B1,sword,noun,刀,"刀,剣  / 《the ~》武力,兵力",too_short
B1,takeaway,noun,お持ち帰り用の料理 =takeout,《英》お持ち帰り用の料理　=takeout / （覚えておくべき）要点，大事な点,has_ascii_letter;eq_only
B1,tale,noun,話,"(事実・伝説・架空の)話,物語  / 作り話,うそ  / 《複数形で》告げ口,中傷",too_short
B1,talk,noun,話,"〈C〉『話』,談話,おしゃべり;《複数形で》(正式な)『話し合い』, 会談, 協議 / 〈C〉《…についての》(形式ばらない)『演説』,講演《on, about ...》 / 〈U〉うわさ,風説;《the~》うわさの種 / 〈U〉空論,むだ話 / 〈U〉話しぶり,口調",too_short
B1,tape,verb,…をテープをくくる,"…‘を'テープをくくる,テープをくっつける  / =tape-record  / …‘を'巻き尺で測る  / 《しばしば受動態で》《米》…‘に'包帯をする(《英》strap)  / =tape-record",has_dots
B1,tax,noun,税,"〈C〉〈U〉(…に対する)税,税金《+on(upon)+名》  / 〈C〉《単数形で》(…にとっての)重荷,過酷な要求《+on(upon)+名》",too_short
B1,teen,noun,=teenage,=teenage  / =teenager,has_ascii_letter;eq_only
B1,throughout,preposition,…中,《期間》…中[ずっと] /  《場所》…の至る所に,has_dots
B1,tide,noun,潮,"〈U〉〈C〉潮[の干満],(潮の干満によって起こる)潮流  / 〈C〉(世論などの)風潮,全体的傾向,形勢  / 〈C〉潮(のように押し寄せてくる…)《+of+名》  / 〈U〉《古》時,季節",too_short
B1,tie,verb,…を縛る,"(縄・ひも・包帯などで…に)…を縛る,結わえる,縛り付ける《+名+up+(+up+名)+to+名+with+名》  / 〈ひも・ネクタイ・リボンなど〉‘を'結ぶ;〈衣類など〉‘の'ひもを結ぶ  / 〈結び目・ちょう結びなど〉‘を'結んで作る  / (仕事・時間・場所などに)〈人〉‘を'縛り付けたようにする,束縛する《+名+up(+up+名)+to(at)+名》  / (競技などで)〈相手・相手の得",has_dots
B1,tighten,verb,…をきつく締める,"…‘を'きつく締める《+名+up,+up+名》  / 締まる,きつくなる",has_dots
B1,tin,noun,錫,〈U〉錫(金属元素;化学記号はSn) /〈U〉ブリキ(tin plate) / 《英》=can,too_short
B1,tongue,noun,舌,"〈C〉舌 / 言葉, 言語 / 言葉遣い, 言い回し",too_short
B1,toss,verb,…を軽く投げ上げる,"…‘を'『軽く投げ上げる』,ほうる / …‘を'上下に揺さぶる《+名+about,+about+名》 / 〈体の一部〉‘を'ひょいと上げる(動かす) / (…と,…に)…‘を'軽く混ぜ合わせる《+名+with(in)+名》 / (表・裏で物事を決めるため)〈コイン〉‘を'はじき上げる《+名+up,+up+名》;(…を)〈人〉‘と'トス(コイン投げ)で決める《+名〈人〉+for+名》",has_dots
B1,touch,verb,…をさわる,〈他〉〈人が〉(手・指などで)…をさわる / ...を感動させる / 《文》〈事が〉…に影響する,has_dots
B1,trace,noun,跡,"〈U〉〈C〉跡, 形跡",too_short
B1,type,verb,…をタイプに打つ,…‘を'タイプに打つ  / (…として)…‘を'分類する《+名+as+名(doing)》  / …‘の'型を決める  / タイプライターを打つ,has_dots
B1,uncover,verb,…のおおいを取る,"…‘の'おおい(ふた)を取る  / 〈秘密など〉‘を'明らかにする,暴露する  / 《古》(敬意を表して)〈頭〉‘から'帽子を取る  / (敬意を表して)脱帽する",has_dots
B1,undress,verb,…を着物を脱がせる,…‘を'着物を脱がせる / 着物を脱ぐ,has_dots
B1,unless,conjunction,もし…でなければ,"もし…でなければ,…でないかぎり",has_dots
B1,unpack,verb,開いて…の中身を取り出す,開いて…‘の'中身を取り出す / (…から)…‘を'取り出す《+名+from+名》 / …‘から'荷[など]を降ろす,has_dots
B1,until,conjunction,…する時までずっと,"《継続の期限》…する時までずっと  / 《結果》(…して)ついに  / 《否定の主節に対して》…するまでは…しない, …して初めて…する([[before]])",has_dots
B1,update,verb,…を最新のものにする,…を最新のものにする,has_dots
B1,volume,noun,本,"〈C〉(特に分厚い)本,書物  / 〈C〉(シリーズものの)巻,冊(《略》(単数形で)vol.,(複数形で)vols.)  / 〈U〉(…の)体積,容積《+of+名》  / 〈U〉〈C〉)…の)量,かさ《+of+名》  / 〈U〉(…の)音量,音の強さ,ボリューム《+of+名》  / 《複数形で》多量(の…),たくさん(の…)《+of+名》",too_short
B1,waterfall,noun,滝,"『滝』,瀑布(ばくふ)(cascade) / (滝のように)どっとくるもの",too_short
B1,wax,verb,…をワックスでみがく,…‘を'ワックスでみがく;…‘に'ろうを塗る,has_dots
B1,whale,noun,鯨,"〈C〉鯨, クジラ / 《話》《a ~ of a ...》すごく大きい..., すごい...",too_short
B1,wherever,conjunction,…する所はどこでも,…する所はどこでも  / どこに…でも,has_dots
B1,whichever,determiner,どちらの…でも,《関係形容詞》どちらの(どの)…でも  / 《譲歩前節を導いて》どちらの(どの)…が(を)…しても,has_dots
B1,whoever,pronoun,…するだれでも,《名詞節を導く関係代名詞》(先行詞を含む)…する[ところの]だれでも  / 《譲歩節を導く関係代名詞》だれが…でも / 《疑問代名詞whoの強調形》《話》いったいだれが,has_dots
B1,wing,noun,翼,"(鳥の)翼,(昆虫の)羽  / (飛行機・風車などの)翼,羽  / (建物の)翼(よく),そで  / (政党などの)分派,…翼  / 《複数形で》(舞台の)そで,たもと(観客から見えない部分)  / (サッカーなどの)ウィング,ウィングの選手  / (部隊・艦隊の左右の)翼,側面部隊;(空軍の)飛行大隊  / 《複数形で》パイロット記章  / 《英》=fender 1",too_short
B1,worn,adjective,wearの過去分詞,"[[wear]]の過去分詞 / 『すり切れた』,ほころびた / 『疲れはてた』,やつれた",has_ascii_letter
B1,wound,noun,傷,"〈C〉(身体の) 傷,負傷 / 《感情・自尊心などに対する》 痛手《to ...》",too_short
B1,wrap,verb,…を巻きつける,"(人・物に)…‘を'巻きつける,掛ける《+名+around(about)+名〈人・物〉》  / (…で)〈人・物〉‘を'くるむ,包む〈+名〈人・物〉+up(+up+名+in+名》  / 《話》…‘を'終了する《+up+名,+名+up》",has_dots
B1,written,adjective,write の過去分詞,"write の過去分詞 / 『書かれた』,文書にした,成文の",has_ascii_letter
B2,DNA,noun,deoxyribonucleic acidディオキシリボ核酸,deoxyribonucleic acidディオキシリボ核酸,has_ascii_letter;too_long
B2,X-ray,noun,X線,"〈C〉〈U〉《通例複数形で》『X線』,レントゲン線 / 〈C〉X線(レントゲン)写真,X線検査",has_ascii_letter
B2,admiringly,adverb,感嘆して、賞賛して、賛美して、うっとりして,感嘆して、賞賛して、賛美して、うっとりして,too_long
B2,adorn,verb,…を飾る 魅力的にする,(装飾品などで)…'を'『飾る』《+『名』+『with』+『名』》　魅力的にする,has_dots
B2,amazingly,adverb,驚くばかりに、すばらしく、すごく、驚くべきことに,驚くばかりに、すばらしく、すごく、驚くべきことに(は),too_long
B2,amplify,verb,…を拡大する,"…を拡大する,さらに加える / 〈電流〉を増幅する / 《…について》長々と述べる《on, upon ...》",has_dots
B2,anchorman,noun,=anchor4,"=anchor4 / (テレビ・ラジオで)多元ニュース解説者 / 頼みになる人,大黒柱",has_ascii_letter;eq_only
B2,animate,verb,…に生命を吹き込む,"…‘に'生命を吹き込む,生命を与える / …'を'活気づける,生き生きさせる / …'を'励ます;…‘に'駆りたてる",has_dots
B2,ash,noun,灰,"〈U〉《しばしば複数形で;単数扱い》『灰』 / 〈U〉火山灰 / 《複数形で》(火葬された)遺骨,なきがら;(火事で焼けた)廃墟(はいきょ)",too_short
B2,astonish,verb,…をびっくりさせる,"…'を'『びっくりさせる』,驚かせる",has_dots
B2,aubergine,noun,=eggplant,《英》=eggplant,has_ascii_letter;eq_only
B2,await,verb,…を待つ,"〈他〉〈人が〉…を待つ / 〈物・事が〉〈人〉を待ちうける, を待ちかまえる",has_dots
B2,axis,noun,軸,"〈C〉軸,軸線;枢軸(すうじく)  / 《the A-》枢軸国(第二次大戦当時の日本・ドイツ・イタリアなど)",too_short
B2,barrier,noun,柵,"(通行を阻む)柵,障壁;関門;《ふざけて》改札口  / (…の)難関,障害《+to+名》",too_short
B2,beautify,verb,…を美しくする,"…'を'美しくする,美化する",has_dots
B2,benefit,verb,…のためになる,"…‘の'ためになる,‘に'利益を与える  / (…で)利益を得る《from(by)+名》",has_dots
B2,bestow,verb,…を授ける,"《…に》…を授ける, を贈る, を与える《on, upon ...》",has_dots
B2,blade,noun,刃,"(刀・ナイフ・のこぎり・かみそりなどの)『刃』,刀身 / 刀,剣 / (特にイネ科植物の)葉,葉身 / (一寮に)薄く平べったい部分 / (アイススケート靴の)金属のすべり",too_short
B2,blast,verb,…を爆破する,"…'を'爆破する;…'を'爆破して作る(開く)  / 《文》…'を'損なう,台なしにする;〈霜などが〉…'を'枯  / 〈らっぱなど〉'を'急に大きく鳴らす  / …'を'酷評する;(…について)〈人〉'を'こっぴどく叱る《+名+about+名(doing)》  / …'を'のろう(damn)",has_dots
B2,blaze,noun,炎,"〈C〉〈U〉炎,火炎 / 〈C〉〈U〉『強烈な光』,閃光(せんこう) / 〈C〉〈U〉燃え立つような輝き / 《a blaze》(感情・怒り・りの)突然の激発(outburst)《+『of』+『名』》 / 《複数形で》《話》《遠回しに》地貯",too_short
B2,blaze,verb,…を知られる,"…'を'知られる,言いふらす",has_dots
B2,blossom,noun,花,〈C〉(特に果樹の)花 / 〈U〉《集合的に》花(木立または木全部の花) / 〈C〉開花;開花期,too_short
B2,blur,verb,…を汚す,"〈他〉《…で》…を汚す《with ...》 / …をぼんやりさせる,を曇らす",has_dots
B2,bolt,verb,…をふるい分ける,…'を'ふるい分ける,has_dots
B2,bookmark,verb,…にブックマークを付ける.,《インターネット》 …にブックマークを付ける.,has_dots
B2,bottle,verb,…をびんに詰める,…'を'びんに詰める,has_dots
B2,bud,noun,茅,"〈C〉茅, つぼみ / (下等動物の)茅状突起 / 〈U〉発茅;発茅期 /〈C〉子供,小娘,少年",too_short
B2,burgle,verb,=burglarize,=burglarize,has_ascii_letter;eq_only
B2,cane,noun,茎,"〈C〉(トウ・タケ・サトウキビなどの)『茎』 / 〈U〉(用材としての)『トウ』(いす・かごなどを作る) / 〈C〉ステッキ,トウヅエ / 〈C〉むち / 〈C〉サトウキビ / 〈人〉'を'むち打って罰する / 〈家具〉'を'トウで作る(修理する)",too_short
B2,carpool,noun,車の所有者数人が交替でお互いを乗せて行く協定,車の所有者数人が交替でお互いを乗せて行く協定,too_long
B2,carve,verb,…を刻んで作る,"…を刻んで作る, を彫る,を彫刻する / (食べやすいように)〈肉〉を切り分ける / 肉を切り分ける",has_dots
B2,chief,noun,長,"長,責任者,長官",too_short
B2,chop,verb,…をたたき切る,〈他〉(おのなどで)…をたたき切る / …を切り刻む《up》 / 〈自〉 《…を》たたき切る《at ...》 /,has_dots
B2,clause,noun,節,"〈C〉(文法で) 節 / (条約・法律などの)箇条,条項",too_short
B2,commander,noun,指揮官…司令官,"(軍隊の)指揮官…司令官;(探検隊などの)隊長  / 海軍中佐;(小型艦艇の)艦長,(大型艦の)副長",has_dots
B2,commemorate,verb,…を祝う,"(祝典・儀式などで)…'を'祝う,記念する / …‘の'記念となる",has_dots
B2,compute,verb,…を計算する,"…'を'計算する,見積もる  / 計算する,算定する",has_dots
B2,concerning,preposition,…について,"…『について』,関して(about)",has_dots
B2,confine,verb,…を制限する,"《ある範囲に》…を制限する, 限る(limit)《to ...》  / 《…に》〈人など〉を閉じ込める, 監禁する《in, to ...》  / 《通例受動熊で》〈女性〉をお産の床につかせる",has_dots
B2,considering,conjunction,…であることを思えば,"《『considering』+『that節』》…であることを思えば,考えれば",has_dots
B2,considering,preposition,…のわりには,"…『のわりには』,を考慮すれば, を考えれば",has_dots
B2,consult,verb,…に頼る,"(…についての意見,情報などを)…‘に'頼る,求める,相談する《+名+about(on,for)+名》  / 〈人の感情・都合・利害など〉'を'考慮に入れる  / (…について…と)相談する,協議する《+with+名+about(for)+名》  / (会社などの)顧問(コンサルタント)として働く《+for+名》",has_dots
B2,contaminate,verb,…を汚す,"(汚いものなどとの接触・混合によって)…'を'汚す,汚染する;〈人など〉‘に'悪影響を及ぼす",has_dots
B2,convert,verb,〖~ A into B〗AをBに変える,"〈他〉〖~ A into [to] B〗AをBに変える,転換する〈自〉変わる,転換する",has_ascii_letter;eq_only
B2,copper,noun,銅,"〈U〉銅 / 赤銅色 / 〈C〉《英話》銅貨 / 銅製品,銅器",too_short
B2,core,noun,芯,"〈C〉(果物の)芯  / 〈U〉(物事の)核心  / 〈C〉(電気の)磁心,磁極鉄心",too_short
B2,cyberaddict,noun,サイバー中毒者、コンピューター中毒者、インターネット中毒者,サイバー中毒者、コンピューター中毒者、インターネット中毒者,too_long
B2,decorate,verb,…を飾る,"(…で)…'を'飾る,飾り立てる《+名+with+名》  / 〈部屋・建物〉‘に'装飾する  / (…に対して)〈人〉‘に'勲章(褒章(ほうしょう))を授ける《+名+for+名》",has_dots
B2,deduce,verb,…を導き出す,"…'を'導き出す,推論する",has_dots
B2,dehumanize,verb,…の人間性を失わせる,"…‘の'人間性を失わせる,人間らしさを奪う",has_dots
B2,desire,verb,…を切望する,"…‘を'切望する,要求する,希望する  / …‘に'性的欲望を感じる",has_dots
B2,despise,verb,…を軽蔑する,"《…のことで》…を軽蔑する,を蔑む《for ...》",has_dots
B2,dignify,verb,…に威厳を添える,"〈他〉《…で》…に威厳を添える,に品位をもたせる《with ...》 / 《...で》…にもったいをつける《with ...》",has_dots
B2,disapprove,verb,…を好ましくないと思う,"…‘を'『好ましくないと思う』,‘に'賛成しない,‘を'認めない / (…に)『賛成しない』,(…を)好ましくないと思う《+『of』+『名』(a person's do『ing』)》",has_dots
B2,dismiss,verb,…を去らせる,…を去らせる / 《文》 《...から》〈人〉を解雇する《from ...》 / 《心から》…を追い払う《from ...》 / 〈訴え・上訴など〉を却下する,has_dots
B2,disrupt,verb,…を混乱させる,…‘を'混乱させる  / (一時的に)…‘を'中断させる,has_dots
B2,distressing,adjective,=distressful,=[[distressful]],has_ascii_letter;eq_only
B2,dominate,verb,…を支配する,"…‘を'支配する,‘に'君臨する  / …‘で'優位を占める,幅を利かす  / …‘を'見下ろす位置にある;…‘の'上にそびえ立つ  / (…を)支配する,威圧する《+over+名》  / 《副詞[句]を伴って》優勢である",has_dots
B2,donate,verb,…を寄贈する,"(…に)…‘を'寄贈する,寄付する《+名+to+名》  / (…に)寄贈(寄付)する《+to+名》",has_dots
B2,dorm,noun,=dormitory 寄宿舎,=[[dormitory]] ((学校などの)寄宿舎，寮.),has_ascii_letter;eq_only
B2,double,verb,…を2倍にする,…を2倍にする,has_dots
B2,drain,verb,…から排出する,"(液体を)…‘から'排出する《+名+of+名》;(…から)〈液体〉‘を'排出する《+名+from+名》  / …‘を'消耗させる,枯渇させる;(…を)〈人〉‘から'消耗させる《+名+of+名》  / 〈酒など〉‘を'飲み干す,空にする  / 〈土地〉‘を'干上がらせる  / 〈土地などが〉水はけがよい;(液体を)排出する《+of+名》  / 〈水・液体などが〉徐々に流れ去る",has_dots
B2,dread,verb,…を非常にこわがる,"〈他〉…を非常にこわがる, を心配する,をいやがる",has_dots
B2,engulf,verb,…を飲む込む,…‘を'飲む込む;《通例受動態で》(…に)…‘を'飲込み《+『名』+『in』+『名』》、…を巻き込む,has_dots
B2,envy,verb,…をうらやむ,"…‘を'『うらやむ』,ねたむ",has_dots
B2,evaluate,verb,…を評価する,"〈財産・資料・能力〉…を評価する,の数量を見積る /  （関数などの）値を求める",has_dots
B2,evil,noun,悪,〈U〉悪 / 〈C〉害悪,too_short
B2,excel,verb,…にまさる,"(…の点で)…‘に'『まさる』,‘を'『しのぐ』《+『名』+『in』(『at』)+『名』(do『ing』)》,(…として)…‘に'まさる《+『名』+『as』+『名』》 / (…に)『ひいでる』,ぬきんでる《+『in』(『at』)+『名』(do『ing』)》,(…として)まさる《+『as』+『名』》",has_dots
B2,exclaim,verb,…を叫ぶ,"(感情が高ぶって)…を叫ぶ, を大声で言う / (喜び・驚きなどで) 叫ぶ",has_dots
B2,exclamation mark,noun,感嘆符 =exclamation point,感嘆符 =[[exclamation point]],has_ascii_letter;eq_only;too_long
B2,fear,verb,…を恐れる,"…‘を'恐れる,こわがる(進行形にできない)  / …‘を'気づかう,あやぶむ  / 《古》〈神など〉‘を'恐れる  / 恐れる,こわがる  / (…を)気づかう,心配する《+for+名》",has_dots
B2,female,noun,雌,"雌;(性別上の)女性  / 《話》女性,婦人",too_short
B2,fire brigade,noun,=fire department,=fire department,has_ascii_letter;eq_only
B2,flame,noun,炎,"〈U〉〈C〉《しばしば複数形で》『炎』 / 〈U〉炎のような輝き;炎色 / 〈C〉《おもに文》(…の)(燃えるような)情熱,激情《+『of』+『名』》",too_short
B2,flaw,noun,傷,"〈C〉傷 / 《...の》欠点,欠陥《in ...》 /",too_short
B2,flesh,noun,肉,〈U〉(人間・動物の)肉 / 肉付き / 《the ~ 》肉体,too_short
B2,follower,noun,SNSなどのフォロワー,"SNSなどのフォロワー/ 後から来る人,後に続く人  / (信仰・思想などで)人に従う人;弟子,門人,信奉者,支持者  / 随行者,家来,部下",has_ascii_letter
B2,following,preposition,…の後に,"…の後に,…に続いて,…の次の,…の直後に,…を受けて",has_dots
B2,foresee,verb,…を予知する,…‘を'『予知する』,has_dots
B2,frame,verb,…を形作る,"〈他〉（組み合わせて）…を形作る,を組み立てる",has_dots
B2,fume,noun,煙,"(悪臭を放つ)煙,ガス,蒸気 / 〈煙・ガス蒸気が〉出る,煙る / 怒る,いらだつ",too_short
B2,glacis,noun,坂,"坂,斜面 / (敵対する二つの勢力間の)中立地帯,緩衝地帯",too_short
B2,god,noun,神,〈C〉(ギリシア・ローマ神話や多神教などの) 神 / 神像 / 〈U〉(キリスト教など一神教の) 神,too_short
B2,grade,verb,…を等級分けする,"…‘を'等級分けする,‘の'格づけをする  / 《米》…‘の'採点をする  / 〈道路など〉‘の'勾配(こうばい)をゆるくする  / 等級別になる,徐々に変わる,〈色彩などが〉次第に他の色に移る",has_dots
B2,grain,noun,粒,"〈C〉《穀類の》粒《of ...》 / 〈U〉《集合的に》穀物, 穀類 / 〈C〉《おもに否定文で》ごく少量,ほんの少し《の…》《of ...》",too_short
B2,grip,verb,…をしっかりつかむ,"…‘を'しっかりつかむ(握る)  / 〈人・物・事が〉〈人・関心・注意など〉‘を'つかむ,引きつける  / 〈人が〉〈意味・要点など〉‘を'つかむ,理解する",has_dots
B2,hammer,verb,…をこつこつとたたく,"(金づち・こぶしなどで)…‘を'『こつこつとたたく』(『打つ』)《+『名』+『with』+『名』》 / …‘を'つちでたたいて作る《+『名』+『out,』+『out』+『名』》",has_dots
B2,harm,noun,害,"〈U〉害,損害 / 悪意 / 不都合",too_short
B2,haunt,verb,…にしばしば行く,…にしばしば行く / (幽霊などが)…に出没する / 〈考え・思い出などが〉〈人・人の心〉に付きまとう,has_dots
B2,heap,noun,山,"〈C〉(積み重なった物の)『山』,塊,堆積(たいせき) / 《米方》《英語》《a ...,heaps》『たくさん』(の…),多数[量](の…)《+『of』+『名』》 / 《複数形で》《副詞的に》《話》非常に,大いに(much)",too_short
B2,heap,verb,…を積み上げる,"…‘を'『積み上げる』,蓄積する《+『up』+『名』,+『名』+『up』》 / (…を)…‘に'山と積む《+『名』+『with』+『名』》",has_dots
B2,hemp,noun,麻,"麻,大麻(たいま) / 麻の繊維 / 麻から採れる薬品(ハッシッシなど)",too_short
B2,herb,noun,草,"草,草本 / 薬用(香料)植物",too_short
B2,holocaust,noun,大虐殺・全燔祭の供物・全焼死・ ユダヤ人の大量虐殺,(特に火による)大虐殺・全燔(はん)祭の供物(ユダヤ教で獣を丸焼きにしていけにえとする)・全焼死・[the H] (第二次大戦中のナチスによる)ユダヤ人の大量虐殺,too_long
B2,hood,noun,フード、ずきん、フード状のもの、大学式服の背後垂れ布、頭おおい、唐傘状の頸部、ほろ、かさ、ひさし、おおい,(顔以外の頭と首をおおう)フード、ずきん、フード状のもの、(学位の表章としての)大学式服の背後垂れ布、(タカ狩り用のタカ・馬の)頭おおい、(コブラの)唐傘状の頸部(けいぶ)、(馬車・うば車などの)ほろ、(煙突の)かさ、(炉の)ひさし、(タイプライターなどの)おおい,too_long
B2,hook,verb,…を引っ掛ける,"〈他〉 (かぎなどで)…を引っ掛ける,を留める / 〈自〉引っ掛かる",has_dots
B2,humanize,verb,…を人間化する,"…‘を'人間化する,‘に'人間性を与える / …‘を'人間らしく(人情味があるように,情け深く)する",has_dots
B2,icon,noun,像,"像,肖像;(ギリシア教会の)聖画像",too_short
B2,idolize,verb,…を偶像化する,"…‘を'偶像化する / …‘を'盲目的に崇拝する,‘に'心酔する",has_dots
B2,illustration,noun,例,"〈C〉(説明などのための)例,実例(example)  / 〈U〉(実例・図版・表などによる)(…の)説明,例証《+of+名》  / 〈C〉挿絵,説明図,図版,イラスト",too_short
B2,imagery,noun,像,"《集合的に》像,心像 / (文学における)比喩(ひゆ)的表現",too_short
B2,immerse,verb,…を浸す,"(水・液体に)…を浸す,沈める / (仕事などに)〈自分〉を没頭させる《+one『self』+『in』+『名』(do『ing』)》",has_dots
B2,imply,verb,…をほのめかす,"…をほのめかす,を暗に示す / …の意味を含む,…[の存在]を当然の前提とする",has_dots
B2,import,verb,…を輸入する,"(…から)…‘を'輸入する《+名+from+名》  / 《文》'‘を'意味する,‘の'意味を導入する",has_dots
B2,imprison,verb,…を投獄する,"…‘を'『投獄する』,刑務所に入れる;…‘を'監禁する,閉じ込める",has_dots
B2,incense,noun,香,"香,香料 / 香煙,香のかおり / (一般に)良いかおり,芳香",too_short
B2,inch,verb,…を少しずつ動かす,…‘を'少しずつ動かす  / 少しずつ動く,has_dots
B2,indent,verb,…にぎざぎざをつける,…‘に'ぎざぎざをつける / …‘を'字下がりにする(行をかえるとき1字下がりにする) / 《英》…‘を'[公式の]注文書で注文する,has_dots
B2,industrialize,verb,…を産業化する,"…‘を'産業化する,工業化する",has_dots
B2,inflate,verb,…をふくらます,"(空気・ガスなどで)…‘を'ふくらます《+名+with+名》  / 〈物価・株式など〉‘を'釣り上げる;〈通貨〉‘を'膨張させる  / (誇り・満足などで)〈人〉‘を'慢心させる《+名+with+名》  / ふくらむ,膨張する",has_dots
B2,influence,verb,…に影響を与える,"…‘に'**影響を与える**,‘を'左右する",has_dots
B2,inhabit,verb,…に住む,"…‘に'『住む』,居る",has_dots
B2,inspect,verb,…を検査する,"…‘を'検査する,念入りに調べる  / (公式に)…‘を'視勅する",has_dots
B2,instruct,verb,…に知識を与える,"…‘に'知識(情報,技術など)を与える,教える,知らせる  / 〈人〉‘に'指示する,命令する",has_dots
B2,italicize,verb,…をイタリック体活字で印刷する,…‘を'イタリック体活字で印刷する,has_dots
B2,known,adjective,knowの過去分詞,"knowの過去分詞 / 『名高い』,知られた",has_ascii_letter
B2,lack,verb,…を欠く,"《受動形にはできない》…を欠く, ...がない / 《…になるまでに》…だけ不足する《of [being] ...》",has_dots
B2,lengthen,verb,…を長くする,…‘を'『長くする』 / 長くなる,has_dots
B2,lest,conjunction,…しないように,"…『しないように』,するといけないから / 《fear,danger,afraidなど恐れ・危険を表す動詞・名詞・形容詞の後に用いて》…『ではないかと』(that),という[ことを]",has_dots
B2,lick,verb,…をなめる,"(舌で)…‘を'『なめる』 / 〈炎・波などが〉…‘を'なめる / 《話》…‘を'ぶんなぐる,打つ / 《話》…‘を'打ち負かす,征服する / 全速力で進む,急ぐ",has_dots
B2,lighten,verb,…を明るくする,"…‘を'『明るくする』,照らす / 〈顔・目など〉‘を'輝かせる / 『明るくなる』 / 〈表情が〉明るくなる,晴れやかになる / 《itを主語にして》稲光がする",has_dots
B2,madame,noun,…夫人,〈U〉《M-》…夫人 / 〈C〉既婚のフランス婦人,has_dots
B2,magnify,verb,…を拡大する,〈レンズなどが〉…‘を'『拡大する』 / 〈危険・問題など〉‘を'誇張する / 〈レンズなどが〉物を拡大して見せる,has_dots
B2,media,noun,mediumの複数形,[[medium]]の複数形,has_ascii_letter
B2,micro,noun,小,"【複合要素】小,微少",too_short
B2,microcomputer,noun,マイクロコンピューター、マイコン、超小型電算機,マイクロコンピューター、マイコン、超小型電算機,too_long
B2,mistreat,verb,…を虐待する,…を虐待する,has_dots
B2,mock,adjective,あざ笑う、ばかにする、まねてばかにする、／にせの,"あざ笑う、ばかにする、まねてばかにする、／にせの,ごまかしの",too_long
B2,modernize,verb,…を現代的にする,…‘を'現代的(現代式)にする / 現代的になる,has_dots
B2,mold,noun,型,"〈C〉 型, 鋳型 / 型に入れて作った物 / 〈U〉〈C〉《...の》形, 姿 《of ...》 /",too_short
B2,mumble,verb,…をもぐもぐ言う,…‘を'もぐもぐ言う / もぐもぐ言う《+『away』》,has_dots
B2,mystify,verb,…を惑わせる,"…‘を'惑わせる,煙に巻く / …‘を'神秘化する,なぞめかす",has_dots
B2,neither,adverb,どちらも…ない,(二つのうち) どちらも…ない / 《~ ... nor ...の形で》…でも...でもない / 《否定文に続いて》…もまた…ない,has_dots
B2,neither,determiner,どちらの…も…ない,《~ 単数名詞》(二つのうちの)どちらの…も…ない,has_dots
B2,nought,noun,=naught,=naught,has_ascii_letter;eq_only
B2,nourish,verb,…を養う,"…‘を'『養う』;…‘に'栄養を与える / …‘を'発展させる,助長する / (心に)〈ある感情〉‘を'『抱く』《+『名』+『in』+『名』》",has_dots
B2,nuisance,noun,"迷惑をかける人もの,行為 / 迷惑,不愉快","〈C〉《…に》『迷惑をかける人』(『もの』,『行為』《to ...》 / 〈U〉《…に対する》『迷惑』,不愉快《to ...》",too_long
B2,nutshell,noun,穀,(クルミなどの)穀(から),too_short
B2,offense,noun,罪,〈C〉罪 / 《法律・規則などの》違反《against ...》/ 〈U〉人の感情を傷つけること / 攻撃 / 〈C〉(フットボールなどの)攻撃側,too_short
B2,once,conjunction,いったん…すれば...,"いったん…すれば... , …するとすぐに...",has_dots
B2,originate,verb,…を引き起こす,"…‘を'引き起こす  / …‘を'考え出す,発明する  / (…に,…から)起こる(begin)《+in(from)+名》  / (人に)始まる《+with+名〈人〉》",has_dots
B2,outgrow,verb,…が合わないほど大きくなる,…‘が'合わないほど大きくなる / (年とともに)…‘から'脱する / …‘より'背が高くなる,has_dots
B2,outlive,verb,…より長生きする,"…‘より'長生きする,生き延びる / …‘を'長生きして失う(免れる)",has_dots
B2,outshine,verb,…よりよく光る,…‘より'よく光る(輝く) / …‘より'優れている,has_dots
B2,overestimate,verb,…を過大評価する,"〈他〉…を過大評価する, を買いかぶる /",has_dots
B2,overhear,verb,…をふと耳にする,"…をふと耳にする,を小耳にはさむ / を立ち聞きする, を盗み聞きする",has_dots
B2,overshadow,verb,…に影を投げかける,"…‘に'影を投げかける,‘を'暗くする / …‘を'見劣させる",has_dots
B2,overtake,verb,…に追いつく,…‘に'『追いつく』(catch up with) / …‘を'追い抜く / 〈恐怖・あらしなどが〉〈人〉‘を'不意に襲う,has_dots
B2,overturn,verb,…をひっくり返す,…‘を'ひっくり返す(turn over) / …‘を'体倒する / ひっくり返る / 〈政府などが〉倒れる,has_dots
B2,pave,verb,…を舗装する,(アスファルトなどで)…‘を'『舗装する』《+『名』+『with』+『名』》,has_dots
B2,paw,noun,足,(四つ足動物のかぎつめのある)『足』 / 《話》《おどけて》(人間の)手,too_short
B2,peel,noun,皮,〈U〉(果物・野菜などの) 皮,too_short
B2,penetrate,verb,…に入り込む,"…‘に'『入り込む』,‘を'『貫き通す』 / 〈液体・においなどが〉…に『しみ込む』,しみ通る / 〈思想などが〉…に浸透する / 〈真理・真相など〉‘を'見抜く,理解する / (…に)『入り込む』,『しみ込む』,浸透する《+『through(into, to)』+『名』》",has_dots
B2,perceive,verb,…に気がつく,"(五感,特に目で)…に気がつく, を知覚する / を理解する, を悟る",has_dots
B2,permeate,verb,…にしみ通る,"…‘に'しみ通る, 浸透する / 〈煙などが〉…‘に'広がる,いっぱいになる;〈思想などが〉…‘に'広がる,普及する / (…に)しみ渡る《+『through』(『in, into』)+『名』》 / 〈煙・思想などが〉(…に)広がる,普及する《+『through』(『throughout, among』)+『名』》",has_dots
B2,personify,verb,…を擬人化する,"(…として)…‘を'擬人化する《+『名』+『as』+『名』》 / (人などが)…‘を'具現する,‘の'典型(権化,化身)である",has_dots
B2,perspiration,noun,汗,汗 / 発汗[作用],too_short
B2,pine,noun,松,"〈C〉『松』,松の木([[pine tree]]) / 〈U〉松材",too_short
B2,ponder,verb,…をじっくり考える,"…‘を'『じっくり考える』,『熟考する』 / (…を)じっくり考える,沈思する《+『on(over)』+『名』(do『ing』)》",has_dots
B2,popularize,verb,…を大衆向きにする,"…‘を'大衆向きにする,一般向にする / …‘を'普及させる,広める / …‘を'評判をよくする",has_dots
B2,pound,verb,…を強く打つ,"《…で》…を強く打つ, を連打する《with ...》 / 《…になるまで》…を打ち砕く,をたたきつぶす《into, to ...》 / 《…を》強く打つ, 連打する《at, on, against ...》 / 〈心臓などが〉激しく鼓動する / 《副詞を伴って》ドスンドスンと歩く",has_dots
B2,powder,verb,…を粉にする,…‘を'粉にする  / (粉などを)…‘に'ふりかける《+名+with+名》  / 〈顔など〉‘に'おしろいをつける  / 粉になる  / おしろいをつける,has_dots
B2,prejudge,verb,…を先入観をもって判断する,…‘を'先入観をもって判断する,has_dots
B2,prick,noun,…をちくりと刺す,"〈他〉《…で》…をちくりと刺す,を突く《with ...》 / 〈人,人の心身〉をちくちく痛ませる / 〈C〉ちくりと刺すこと",has_dots
B2,process,verb,…を一定の手順で処理する,〈他〉…を一定の手順で処理する,has_dots
B2,prohibit,verb,…を禁止する,"(法律あるいは権威をもって)…を禁止する, を禁ずる / （物事が）…を妨げる",has_dots
B2,project,verb,…を計画する,"…‘を'計画する,企画する  / (ねらって)…‘を'投げる;…‘を'発射する  / (…に)〈光・影・映像など〉‘を'投げかける,投影する,映写する;〈声〉‘を'かける《+名+on(onto)+名》  / (他の人に〈‘自分の考え・気持ち〉‘を'投げかけて伝える《+名+on(upon)+名》  / (想像して,…の時間・場所・情況などの中へ)…‘を'置いてみる《+名+in(into)+名》  /",has_dots
B2,prompt,verb,…を刺激する,"…を刺激する,促す,かりたてる / (演劇で)〈俳優〉に陰からせりふをつける",has_dots
B2,proven,adjective,proveの過去分詞,proveの過去分詞 / 《名詞の前にのみ用いて》証明された,has_ascii_letter
B2,province,noun,州,"〈C〉(国の行政区画としての)州,省,県 / 〈U〉(権威・責任などの及ぶ)範囲, (学問・活動などの)領域,分野 / 《the ~s》(首都・大都市に対して) 地方,いなか",too_short
B2,punch,verb,…をげんこつでなぐる,"〈他〉…をげんこつでなぐる /  (機械などを動かすために)…‘を'押す  / に穴をあける,に刻印する",has_dots
B2,purchase,verb,…を買う,"…‘を'買う,購入する  / (苦難・犠牲により)…‘を'手に入れる,獲得する",has_dots
B2,rack,noun,…掛け,"〈C〉《しばしば複合語を作って》(枠・網・棒などで作られた)…掛け, ...のせ, ...棚 / 拷問台",has_dots
B2,rainbow,noun,虹,『虹』,too_short
B2,recollect,verb,…を思い出す,…‘を'『思い出す』 / 思い出す,has_dots
B2,reconsider,verb,…を再考する,"…‘を'再考する,考え直す",has_dots
B2,redo,verb,…を再びする,"…‘を'再びする,やり直す",has_dots
B2,reorganize,verb,…を再編成する,…‘を'再編成する,has_dots
B2,research,verb,…を研究する,"…を研究する,調査する  / 《…を》研究する,調査する《into, on ...》",has_dots
B2,retard,verb,…の進歩を遅らせる,〈他〉…‘の'進歩(進行)を遅らせる(のろくする) / 〈自〉(進行が)遅れる,has_dots
B2,reverse,verb,…を逆にする,"…‘を'逆にする,反対にする;…‘を'裏返す  / 〈機械など〉‘を'逆転させる,逆方向に動かす  / 〈判決など〉‘を'取り消す,破棄する  / (ダンスで)逆に回る  / 〈機械などが〉逆方向に動〉",has_dots
B2,review,verb,…を調べ直す,"…を調べ直す,を再検討する / 《米》〈学科など〉を復習する / …を(改良の目的で)精密に検査する / …を回顧する,振り返る / …を批評する / …を視察する / 〈上級審が〉〈下級審の判決〉を再審査する",has_dots
B2,revolutionize,verb,…に革命を起こす,…‘に'革命を起こす;…‘を'根本的に変える,has_dots
B2,rip,verb,…を裂く,"…‘を'『裂く』,破る《+『up』+『名,』+『名』+『up』》 / 〈穴など〉‘を'裂いて(破って)作る / …‘を'裂いて(破って)取る《+『out』(『off, away』)+『名,』+『名』+『out』(『off, away』)》;(…から)…‘を'破って取る《+...",has_dots
B2,route,noun,道,"道,道筋,経路 / 路線",too_short
B2,safeguard,verb,…を保護する,"(…から)…‘を'保護する,守る(protect)《+名+from(against)+名》",has_dots
B2,saw,verb,…をのこぎりで切る,…をのこぎりで切る / 《…に》〈ある形・模様など〉をのこぎりでひいて作る《in ...》 / 《…に》のこぎりを使う《at ...》 / のこぎりをひくように動かす / 《副詞を伴って》〈木などが〉のこぎりでひける(切れる),has_dots
B2,scan,verb,…をじっと見る,"…‘を'じっと見る,詳しく調べる;〈広い区域〉‘を'端から端までよく見る  / …‘に'さっと目を通す,‘を'ざっと読む  / 〈詩〉‘の'韻律を調べる,‘を'詩脚に分ける  / (テレビ・レーダーで)〈映像〉‘を'走査する  / 詩の韻律を調べる;〈詩行が〉韻律の法則に合う,音脚が合う  / (テレビ・レーダーで)走査をする",has_dots
B2,scarcely,adverb,ほとんど…ない,"『ほとんど』…『ない』 / 『かろうじて』,やっと(barely) / 《not の遠回しな表現として》まさか(とうてい,おそらく)…ない",has_dots
B2,schedule,verb,…のスケジュールを作る,"〈他〉…のスケジュール(時間表,一覧表)を作る / をスケジュールに入れる",has_dots
B2,scramble,verb,…をかきまぜる,"…‘を'『かきまぜる』 / 〈卵〉をかきまぜて焼く / (盗聴防止のため)〈波長〉‘を'変える, / (敵機を迎撃するため)…を緊急発進させる / 《方向・様態を表す副詞[句]を伴って》『這うように進む』 / 《...を》 『奪い合う』《for ...》",has_dots
B2,scratch,verb,…をひっかく,"(つめなど,とがった物で)…‘を'ひっかく,‘に'ひっかき傷をつける  / 〈かゆいところ〉‘を'かく  / …‘に'かゆみを感じさせる  / (線で消したりして)(…から)〈名前など〉‘を'削除する《+out(off)+名+from(off)+名》  / (ひっかいたり,刻んだりして)…‘を'書く,描く  / …‘を'走り書きする  / (競争・レースなどから)…の参加を取り消す  / (つめな",has_dots
B2,screen,verb,…に網戸をつける,"…に網戸をつける,金網を付ける  / 《しばしば受動態で》…を隠す,保護する  / 《…から》…を仕切る《off, out, from ...》  / 〈じゃり・砂など〉をふるいにかける  / (ふるいにかけるように)…を除去する,濾過(ろか)する《out》  / 《しばしば受動態で》…をえり分ける,選別(選抜)する",has_dots
B2,screw,verb,…をねじでとめる,"〈他〉《…に》…をねじでとめる《down,up ... to, on ...》 / 《…から》…を無理に取る《... out of ...》",has_dots
B2,sense,verb,…を感ずる,"…‘を'感ずる,‘に'気づく",has_dots
B2,separate,verb,…を分離する,"…‘を'分離する,引き分ける;(…から)…‘を'引き分ける《+名+from+名》  / (…に)〈一つの物〉‘を'分割する,分ける《+名+into+名》  / 〈人が〉別れる;別れて(…に)なる《+into+名》  / (…から)分離する,離れる《+from+名》",has_dots
B2,shaken,adjective,shakeの過去分詞,shakeの過去分詞,has_ascii_letter
B2,shield,noun,盾,"〈C〉盾 / (…から)かばうもの, 保護物《against, from ...》",too_short
B2,shoplift,verb,…を万引きする,…‘を'万引きする / 万引きする,has_dots
B2,shower,verb,…に水を注ぐ,"…に水を注ぐ / …を降り注ぐ / 《itを主語にして》にわか雨が降る / 《…に》降り注ぐ《on, upon ...》  / シャワーを浴びる",has_dots
B2,signify,verb,意味する、示す、表す、知らせる、重要である,意味する、示す、表す、知らせる、重要である,too_long
B2,sketch,verb,…をスケッチする,"…‘を'スケッチする,写生する  / …‘を'略述する《+in(out)+名》  / スケッチ(写生)する",has_dots
B2,slap,verb,…を平手でビシャリと打つ,"…を平手でビシャリと打つ, …の《…を》平手打ちする《in, on ...》 / 《…に》…をすばやく(ぞんざいに,むぞうさに)置く《on ...》 / ピシャリと音を立てて打つ",has_dots
B2,soak,verb,…をびしょぬれにする,"〈他〉…をびしょぬれにする,をぬらす / 《…に》…を浸す《in, into, through ... 》/ 〈水分・知識など〉を吸収する《up》 / 〈自〉(液体などに)つかる, 浸る《in, into ...》/ 《…に》〈液体が〉しみる《in, into, through ...》",has_dots
B2,soil,noun,土,"〈U〉(植物の成長に適する) 土, 土壌 / 〈U〉〈C〉《気取って》国,地方 / 《the~》土地,農地",too_short
B2,sort,verb,…を分類する,"…を分類する, を整理する, を区分けする / をえり分ける,を選び出す《out》 / 《くだけて》〈問題など〉を処理する, を片付ける",has_dots
B2,species,noun,種,"〈C〉(生物分類上の)種(しゅ),種族(「属」(genus)の下の単位)  / 〈C〉(…の)種類《+of+名》  / 《the ~》人類(mankind)",too_short
B2,sponsor,verb,…を保証する,"…‘を'保証する;…‘を'支持する,後援する  / 〈商業放送〉‘の'スポンサーになる",has_dots
B2,spot,verb,…を見つける,"…を見つける / 《…だと》…を見抜く《as, for ...》/ …をしみで汚す / 〈人格・名声など〉を汚す / (特定の場所に)…を置く / 〈インクなどが〉しみになる",has_dots
B2,squash,verb,…を押しつぶす,"…‘を'押しつぶす,ぐしゃぐしゃにする / (…の中に)…‘を'押し込める,詰め込む《+名+into(in)+名》 / 〈暴動など〉‘を'鎮圧する;《話》〈人〉‘を'やり込めて黙らせる / つぶれる,ぺしゃんこになる / (…の中に)割り込んでいく《+『into』(『in』)+『名』》",has_dots
B2,stab,verb,…を刺す,"(刃物・とがったものなどで)…‘を'『刺す』,突き刺す《+『名』+『with』+『名』〈刃物など〉》 / (…に)〈刃物・とがったものなど〉‘を'突き刺す《+『名』〈刃物など〉+『into』+『名』》stab a fork into meatフォークを肉に突き刺す / (…まで)〈人・心など〉‘を'鋭く傷つける《+『名』〈人・心など〉+『to』+『名』》 / (…に)刃物で突きかかる,(…に)突き",has_dots
B2,stanza,noun,節,"(詩の)節,(詩において一定の形をとり,通例4行以上から成る詩の構成単位)",too_short
B2,startle,verb,…を飛び上がらせる,"…‘を'『飛び上がらせる』,ぎょっとさせる / (…に)ぎょっとする,はっとする《+『at』+『名』》 / 突然の驚き,はっとすること",has_dots
B2,stick,noun,棒,"〈C〉棒, 棒切れ,枝 / (歩行用)ステッキ,杖  / 《~ of ...》 棒状《の...》 /《話》処罰,せっかん",too_short
B2,store,verb,…を蓄える,"(将来のために)…を蓄える《up ...》  / …を倉庫に保管する / 《…を》〈ある場所など〉に供給する,に用意する《〈場所〉 with ...》",has_dots
B2,straighten,verb,…をまっすぐにする,"…‘を'『まっすぐにする』《+『out』+『名,』+『名』+out》 / …‘を'『きちんとする』,整理する《+『out(up)』+『名,』+『名』+『out(up)』》 / まっすぐになる,きちんとなる《+『out(up)』》",has_dots
B2,strangle,verb,…を窒息させる,"…を窒息させる,絞殺する / (カラーなどが)〈首〉を絞める / 〈笑い・あくびなど〉をおさえる,抑圧する / 息が詰まる / 窒息死する",has_dots
B2,sweep,verb,…を掃く,"…‘を'掃く,掃除する  / (ほうきで掃くなどして)〈ごみなど〉‘を'取る,集める《away(up)+名》;(…から)…‘を'取る《+《away(up)+名+from(off)+名》  / (掃くように)…‘の'上をさっと通る,…‘を'さっとなでる(吹き抜ける);《副司句を伴って》…‘を'掃くように動かす  / …‘を'押し流す,吹き飛ばす《+along(away, off)+名》;(…から)…",has_dots
B2,tack,verb,…をびょうで留める,"…‘を'びょうで留める《+down+名,+名+down》 / (…に)…‘を'付け加える《+名+on(onto)+名》 / …‘を'仮縫いする / (風上に向けて)〈船〉‘の'針路を変える;〈船〉‘...",has_dots
B2,tail,noun,尾,"〈C〉尾,しっぽ  / 〈C〉尾に似た物;(飛行機・車の)尾部  / 〈C〉(…の)後部,末端,終り(底)の部分《+of+名》  / 〈C〉コインの裏側  / 《複数形で》燕尾(えんび)服(tail coat)  / 〈C〉《俗》しり,けつ  / 〈C〉《俗》尾行者  / …‘に'尾をつける  / 《話》〈人〉‘を'尾行する  / 〈物・音が〉しだいに減ってゆく,消えてゆく《+away(off, ",too_short
B2,thread,noun,糸,"糸 / 筋, 脈絡 /",too_short
B2,tightrope,noun,綱,(綱渡りの)綱,too_short
B2,time,verb,…の時間を定める,"…の時間を定める / 《…に》…の調子を合わせる, ...のタイミングを合わせる《to ...》 / …の時間を計る",has_dots
B2,times,preposition,…掛ける,…掛ける,has_dots
B2,tip,verb,…を傾ける,"…を傾ける / …をひっくり返す《over, up》 / (あいさつのために)〈帽子〉を持ち上げる,にさわる / 《英》(容器から…に)…をあける([[empty]])《... out of ... into ...》 / 傾く / ひっくり返る《over》",has_dots
B2,tomb,noun,墓,『墓』(grave);(一般に)埋葬場所,too_short
B2,track,verb,…の跡をつける,"…‘の'跡をつける,〈足跡〉‘を'たどる;〈動物〉‘の'臭跡を追う  / 〈記録計の針が〉…の進路(軌道)を観察記録する;〈カメラが〉〈被写体〉‘を'追いかけて写す  / 〈泥・雨など〉‘の'跡を付ける;〈床など〉‘に'足跡を付ける《+up+名,+名+up》",has_dots
B2,traverse,noun,…を横切る,"…‘を'『横切る』,横断する,渡る,越える / …‘を'あちこち動く,行ったり来たりする / あちこち動く;(山などを)ジグザグに登る / 横切る,旋回する / 横切ること,横断 / トラバース(登山での斜面横断) / 横木,横ばり / ざんごう内での方向転換",has_dots
B2,tread,verb,…を踏んで通る,"〈他〉…を踏んで通る / …を踏みつける / 〈自〉歩く, 行く / 《…を》踏む, 踏みつける《on ...》 /",has_dots
B2,trunk,noun,幹,"〈C〉(樹木の)幹 / (人・動物の)胴体 / トランク,旅行用箱型の大型かばん) / 象の鼻 / 《複数形で》(文泳などスポーツ競技用の)男子用パンツ / 《米》(自動車後部の)荷物入れ,トランク",too_short
B2,unlike,preposition,…と違って,"…と違って, ...とは異なって",has_dots
B2,unto,preposition,…に,"…に,の方へ,まで(to)",has_dots
B2,untreated,adjective,手当てをしない、治療していない、処理されない、未処理の,手当てをし(てい)ない、治療していない、処理され(てい)ない、未処理の,too_long
B2,usher,verb,…を案内する,"/ (…へ)…を案内する《+名+to(into, in)+名》",has_dots
B2,versus,preposition,…対,"(訴訟・競技などで)…対(《略》v.,vs.)(against)  / (比較や二者択一において)…に対して",has_dots
B2,vinegar,noun,酢,"『酢』,食用酢",too_short
B2,waist,noun,腰,"『腰』,腰部 / (衣服の)『胴部』,ウエスト / (バイオリン・ギターなどの)中央のくびれ",too_short
B2,water,verb,…に水をかける,"『…に水をかける』(まく,やる) / 〈動物〉に水を飲ませる / …に水を供給する;…を潅漑(かんがい)する / 〈液体など〉を水で割る,薄める《down》 / 〈織物・金属など〉に波紋(波模様)をつける / 〈動物などが〉水を飲む;〈船・機関などが〉給水を受ける / 〈目・口などが〉分泌液を出す",has_dots
B2,wed,verb,…と結婚する,"〈他〉…と結婚する, を妻(夫)にする / 〈自〉結婚する",has_dots
B2,wire,verb,…を針金で結ぶ,…‘を'針金で結ぶ《+名+together》  / (…のために)〈家など〉‘に'電線を取り付ける《+名+for+名》  / 〈人〉‘に'電報を打つ  / (…に…を求めて)電報を打つ《+to+名+for+名》,has_dots
B2,workman,noun,=workingman,=workingman / 《形容詞を伴って》仕事の…な人,has_ascii_letter;eq_only
B2,worm,noun,虫,"〈C〉(細長く柔らかい)『虫』(毛虫・うじ虫・ミミズ・回虫など) / 〈C〉(形・動きが)ミミズなどに似たもの,(いも虫状の)ねじのらせん / 〈C〉虫けらのような人間;哀れな(下劣な)人 / 《複数形で;単数扱い》寄生虫病",too_short
B2,worsen,verb,…をいっそう悪化させる,…‘を'いっそう悪化させる  / いっそう悪化する,has_dots
